IC_Spawn,from_state,to_state,singlet_1,singlet_2,singlet_3,meci_type
0000_10,2,1,-230.35039391,-230.34933908,-230.23623865,Type_2
0000_11,2,1,-230.34500174,-230.33412193,-230.20918473,Type_1
0000_12,2,1,-230.37299516,-230.35853147,-230.21856415,Type_1
0000_13,2,1,-230.32691162,-230.32349722,-230.2110879,Type_2
0000_14,2,1,-230.3561599,-230.35588112,-230.24118651,Type_2
0000_15,2,1,-230.33671839,-230.32875698,-230.23544836,Type_1
0000_16,2,1,-230.31130306,-230.31120193,-230.16880861,Type_1
0000_17,2,1,-230.32667758,-230.32413313,-230.18375195,Type_1
0000_18,2,1,-230.33083042,-230.32837561,-230.21471274,Type_2
0000_19,2,1,-230.35488794,-230.35130446,-230.23882045,Type_1
0000_20,2,1,-230.32906222,-230.32889443,-230.25837466,Type_1
0000_4,2,1,-230.351196,-230.34464381,-230.24974874,Type_2
0000_6,2,1,-230.34943446,-230.33853004,-230.22224115,Type_2
0000_9,2,1,-230.3686394,-230.35515398,-230.24589271,Type_2
0003_10,2,1,-230.29107087,-230.28647043,-230.16610496,Double_H
0003_11,2,1,-230.31086338,-230.3092884,-230.18175554,Double_H
0008_3,2,1,-230.34094987,-230.33686124,-230.2384708,Type_3
0008_4,2,1,-230.35682517,-230.35447676,-230.25873645,Type_3
0009_10,2,1,-230.34284479,-230.34224083,-230.22406549,Type_2
0009_11,2,1,-230.33186984,-230.32853587,-230.23528915,Type_2
0009_12,2,1,-230.35110117,-230.34681636,-230.22477853,Type_1
0009_13,2,1,-230.36859076,-230.36423376,-230.24193621,Type_1
0009_14,2,1,-230.34667094,-230.33823333,-230.22763405,Type_1
0009_15,2,1,-230.33500084,-230.33291219,-230.24319864,Type_1
0009_3,2,1,-230.3587543,-230.35252184,-230.22475736,Type_1
0009_4,2,1,-230.32713503,-230.32356505,-230.20583603,Type_1
0009_8,2,1,-230.34415141,-230.3413834,-230.24877256,Type_2
0009_9,2,1,-230.33155223,-230.32985566,-230.22547971,Type_2
0010_10,2,1,-230.35244007,-230.3404108,-230.26263923,Type_3
0010_11,2,1,-230.31482336,-230.31384254,-230.22841037,Type_3
0010_12,2,1,-230.34022359,-230.33265742,-230.22019007,Type_3
0010_15,2,1,-230.326997,-230.32097326,-230.19829579,Type_1
0010_16,2,1,-230.31256993,-230.30786244,-230.17788552,Type_1
0010_17,2,1,-230.34955406,-230.33590522,-230.21942064,Type_3
0010_18,2,1,-230.34696522,-230.33471986,-230.2540857,Type_3
0010_19,2,1,-230.33016945,-230.31199029,-230.25782749,Type_3
0010_20,2,1,-230.3071491,-230.29390225,-230.22073434,Type_2
0010_21,2,1,-230.3379298,-230.33033137,-230.25145626,Type_3
0010_22,2,1,-230.32664407,-230.32044968,-230.22123913,Type_2
0010_23,2,1,-230.32650823,-230.31916688,-230.22927786,Type_2
0010_24,2,1,-230.32802465,-230.3206551,-230.19954569,Type_1
0010_25,2,1,-230.31502984,-230.31401958,-230.20420442,Type_2
0010_3,2,1,-230.34856569,-230.34178394,-230.24248759,Type_1
0010_4,2,1,-230.30328668,-230.29693129,-230.18466104,Type_1
0010_5,2,1,-230.30861066,-230.3058701,-230.24463541,Type_2
0011_10,2,1,-230.37451875,-230.36993301,-230.25413412,Type_3
0011_11,2,1,-230.37739224,-230.36688234,-230.26784817,Type_1
0011_12,2,1,-230.35149484,-230.34516558,-230.26156625,Type_3
0011_13,2,1,-230.35795002,-230.35064199,-230.23639153,Type_1
0011_14,2,1,-230.35524596,-230.35442633,-230.24031685,Type_1
0011_15,2,1,-230.36541894,-230.36449301,-230.23478663,Type_1
0011_16,2,1,-230.37022798,-230.36494314,-230.24587012,Type_2
0011_4,2,1,-230.35828752,-230.35011836,-230.24997148,Type_3
0011_6,2,1,-230.35886423,-230.35440117,-230.25253322,Type_3
0011_7,2,1,-230.34961489,-230.3449737,-230.25360059,Type_3
0012_3,2,1,-230.34078164,-230.33903141,-230.22726138,Type_3
0012_5,2,1,-230.3309,-230.32778841,-230.21029235,Type_3
0012_7,2,1,-230.35833638,-230.35295828,-230.23820217,Type_1
0012_8,2,1,-230.36744662,-230.35405046,-230.2229383,Type_1
0012_9,2,1,-230.3435178,-230.34214342,-230.20505259,Type_1
0013_10,2,1,-230.33979618,-230.33048656,-230.24002526,Type_3
0013_11,2,1,-230.325611,-230.31887677,-230.21022485,Type_1
0013_12,2,1,-230.34811742,-230.34480852,-230.21248261,Type_1
0013_13,2,1,-230.31325453,-230.31078535,-230.20291436,Type_1
0013_4,2,1,-230.35836135,-230.35144546,-230.25940634,Type_3
0013_8,2,1,-230.33331887,-230.33287854,-230.21617525,Type_1
0013_9,2,1,-230.3424815,-230.33552064,-230.22714896,Type_3
0014_10,2,1,-230.34159461,-230.34056161,-230.25432111,Type_2
0014_11,2,1,-230.30928321,-230.30887356,-230.21311759,Type_3
0014_3,2,1,-230.34960806,-230.34616115,-230.23404795,Type_3
0014_4,2,1,-230.34424738,-230.33273182,-230.25404275,Type_1
0014_5,2,1,-230.36923531,-230.36682057,-230.30269229,Type_1
0014_8,2,1,-230.33645339,-230.33285857,-230.23864562,Type_3
0014_9,2,1,-230.35433421,-230.35295102,-230.24463026,Type_2
0015_10,2,1,-230.27811788,-230.27762807,-230.18530441,Type_2
0015_11,2,1,-230.30454947,-230.30123779,-230.18930917,Type_2
0015_12,2,1,-230.31873473,-230.3173688,-230.19095735,Type_1
0015_5,2,1,-230.31702014,-230.31086974,-230.20506858,Type_3
0015_6,2,1,-230.32569315,-230.32491979,-230.20368817,Type_3
0015_7,2,1,-230.31405285,-230.30637634,-230.15421513,Type_1
0015_8,2,1,-230.32021357,-230.31963754,-230.19500729,Type_1
0015_9,2,1,-230.32298309,-230.31021674,-230.18898859,Type_1
0016_10,2,1,-230.36673008,-230.36517316,-230.26355773,Type_2
0016_11,2,1,-230.32666132,-230.32544917,-230.21668381,Type_2
0016_12,2,1,-230.36604284,-230.35964754,-230.25202838,Type_2
0016_13,2,1,-230.29930618,-230.29842242,-230.20977029,Type_1
0016_4,2,1,-230.34923406,-230.33614436,-230.26227572,Type_3
0016_7,2,1,-230.35559607,-230.35435924,-230.24731782,Type_3
0016_8,2,1,-230.34690129,-230.34077565,-230.22699342,Type_2
0016_9,2,1,-230.33092548,-230.31987826,-230.19407135,Type_1
0017_10,2,1,-230.31499301,-230.30550703,-230.20745239,Type_3
0017_11,2,1,-230.34114222,-230.33309789,-230.23084675,Type_3
0017_12,2,1,-230.35468387,-230.34808691,-230.21813768,Type_1
0017_13,2,1,-230.34555866,-230.3329657,-230.2255456,Type_1
0017_14,2,1,-230.35318413,-230.34602473,-230.23450392,Type_1
0017_15,2,1,-230.33910859,-230.33687919,-230.20853272,Type_1
0017_16,2,1,-230.37155593,-230.36553246,-230.26391084,Type_2
0017_17,2,1,-230.3335954,-230.32970175,-230.22006229,Type_1
0017_18,2,1,-230.34956812,-230.32867769,-230.21932413,Type_2
0017_19,2,1,-230.35158492,-230.34424889,-230.26038239,Type_2
0017_20,2,1,-230.33593925,-230.33214042,-230.21560805,Type_1
0017_4,2,1,-230.32631822,-230.3220223,-230.22912929,Type_3
0017_7,2,1,-230.31798137,-230.30625856,-230.20938143,Type_3
0017_8,2,1,-230.3279746,-230.32611692,-230.21459267,Type_3
0017_9,2,1,-230.3218846,-230.31660021,-230.18579351,Type_1
0019_5,2,1,-230.320488,-230.31774149,-230.21021614,Type_2
0019_6,2,1,-230.34048739,-230.33312945,-230.20943865,Type_2
0019_7,2,1,-230.35809136,-230.35521778,-230.24612182,Type_2
0019_8,2,1,-230.33150804,-230.32555796,-230.21784694,Type_2
0019_9,2,1,-230.33358593,-230.33127705,-230.23576326,Type_2
0020_4,2,1,-230.36240513,-230.36121287,-230.24808177,Type_3
0020_6,2,1,-230.37690477,-230.36468616,-230.26872226,Type_3
0020_7,2,1,-230.34945351,-230.34274453,-230.24304215,Type_1
0020_8,2,1,-230.35066833,-230.34744462,-230.22976565,Type_2
0020_9,2,1,-230.35884117,-230.35850168,-230.24564024,Type_2
0021_10,2,1,-230.35455524,-230.34688107,-230.24372717,Type_2
0021_11,2,1,-230.33307071,-230.32957983,-230.2268546,Type_2
0021_12,2,1,-230.33382072,-230.33300149,-230.1955451,Type_1
0021_4,2,1,-230.33903261,-230.3348454,-230.21372028,Type_3
0021_5,2,1,-230.29677497,-230.29357295,-230.19582196,Type_2
0021_8,2,1,-230.32720097,-230.32630119,-230.19582253,Type_2
0021_9,2,1,-230.31289325,-230.30736647,-230.19294499,Type_2
0023_10,2,1,-230.34114589,-230.33479031,-230.23617197,Type_2
0023_11,2,1,-230.37426613,-230.37188433,-230.25422047,Type_2
0023_5,2,1,-230.31961159,-230.31584335,-230.18612614,Type_1
0023_6,2,1,-230.36539141,-230.35791793,-230.25101982,Type_1
0023_7,2,1,-230.35161657,-230.35050303,-230.23360235,Type_1
0023_8,2,1,-230.33712441,-230.33157667,-230.21092147,Type_2
0023_9,2,1,-230.3603498,-230.35374242,-230.29916124,Type_2
0026_10,2,1,-230.30349763,-230.2996928,-230.23218656,Type_1
0026_11,2,1,-230.34989589,-230.34361994,-230.22247759,Type_1
0026_12,2,1,-230.33098644,-230.32425639,-230.23157496,Type_1
0026_13,2,1,-230.33885748,-230.33584173,-230.19402018,Type_1
0026_14,2,1,-230.34429554,-230.33895172,-230.23867408,Type_2
0026_4,2,1,-230.31826994,-230.31623361,-230.23432037,Type_2
0026_5,2,1,-230.34087993,-230.33841353,-230.24110556,Type_2
0026_6,2,1,-230.32075319,-230.31832855,-230.2250474,Type_1
0026_7,2,1,-230.31606016,-230.31229783,-230.18487975,Type_1
0026_9,2,1,-230.3359916,-230.33003903,-230.25434532,Type_2
0029_10,2,1,-230.35536129,-230.34076282,-230.24028957,Type_3
0029_11,2,1,-230.35489306,-230.34515207,-230.2417638,Type_3
0029_12,2,1,-230.33680632,-230.33590313,-230.23247898,Type_2
0029_3,2,1,-230.35956679,-230.35297148,-230.25329128,Type_3
0029_4,2,1,-230.36599208,-230.36179182,-230.27551526,Type_3
0029_7,2,1,-230.35569681,-230.35140438,-230.27278221,Type_3
0029_9,2,1,-230.34216036,-230.3411216,-230.21453847,Type_1
0030_10,2,1,-230.34180365,-230.33825233,-230.23007895,Type_3
0030_11,2,1,-230.35171626,-230.34997685,-230.23644655,Type_3
0030_13,2,1,-230.33425483,-230.32908333,-230.18292511,Type_1
0030_14,2,1,-230.33655707,-230.33573148,-230.20417564,Type_1
0030_4,2,1,-230.32773005,-230.32010987,-230.23379116,Type_3
0030_6,2,1,-230.34746152,-230.34265703,-230.26032242,Type_3
0030_9,2,1,-230.34122368,-230.33807221,-230.23998303,Type_3
0031_10,2,1,-230.33953486,-230.33734442,-230.23165777,Type_2
0031_11,2,1,-230.36597395,-230.35330408,-230.25619738,Type_2
0031_12,2,1,-230.35912123,-230.35412568,-230.20636666,Type_1
0031_4,2,1,-230.36011231,-230.35798856,-230.23476511,Type_2
0031_6,2,1,-230.34732036,-230.34174858,-230.26815514,Type_2
0031_7,2,1,-230.36269175,-230.35010604,-230.25983587,0200_15
0031_8,2,1,-230.34594972,-230.34113057,-230.24785725,Type_2
0032_3,2,1,-230.35745898,-230.35677936,-230.26464064,Type_3
0032_7,2,1,-230.34256122,-230.3418246,-230.22755292,Type_3
0032_8,2,1,-230.35081926,-230.34878405,-230.26247931,Type_2
0032_9,2,1,-230.33398318,-230.33364776,-230.22481013,Type_1
0033_10,2,1,-230.34992855,-230.34557351,-230.26976727,Type_2
0033_4,2,1,-230.36769969,-230.36306572,-230.25825251,Type_3
0033_6,2,1,-230.33442821,-230.33209306,-230.21412443,Type_2
0033_7,2,1,-230.34850643,-230.34495783,-230.23831189,Type_3
0033_8,2,1,-230.33260347,-230.32467428,-230.26238186,Type_2
0033_9,2,1,-230.3386231,-230.33235904,-230.25018955,Type_2
0034_10,2,1,-230.35343868,-230.34984979,-230.23991427,Type_1
0034_11,2,1,-230.34326327,-230.33621723,-230.23406447,Type_2
0034_12,2,1,-230.33830913,-230.33346408,-230.23435335,Type_2
0034_13,2,1,-230.35545265,-230.34789743,-230.25951437,Type_2
0034_14,2,1,-230.36638141,-230.35749811,-230.23102094,Type_2
0034_15,2,1,-230.34924402,-230.34711944,-230.22197577,Type_2
0034_16,2,1,-230.34010637,-230.33951134,-230.20826968,Type_2
0034_4,2,1,-230.35427348,-230.34443073,-230.2472182,Type_2
0034_7,2,1,-230.35248932,-230.34676698,-230.24233301,Type_2
0034_8,2,1,-230.35223336,-230.34198066,-230.24790321,Type_2
0034_9,2,1,-230.34193316,-230.33106793,-230.22588303,Type_2
0035_4,2,1,-230.34890702,-230.3421804,-230.25834838,Type_3
0035_5,2,1,-230.36638334,-230.35589619,-230.26693595,Type_3
0035_6,2,1,-230.35292263,-230.34968558,-230.26388283,Type_1
0035_7,2,1,-230.30102149,-230.30001542,-230.19765589,Type_1
0035_8,2,1,-230.3566749,-230.35344635,-230.23184385,Type_1
0035_9,2,1,-230.34782297,-230.34734033,-230.23104834,Type_1
0037_10,2,1,-230.33271051,-230.33109818,-230.20962062,Type_1
0037_4,2,1,-230.34958925,-230.34450833,-230.23712323,Type_2
0037_5,2,1,-230.35813188,-230.3545187,-230.23309107,Type_2
0037_6,2,1,-230.30794865,-230.30639818,-230.20997155,Type_2
0037_8,2,1,-230.32854878,-230.3248531,-230.22127432,Type_2
0037_9,2,1,-230.3371342,-230.32653945,-230.21847347,Type_2
0038_4,2,1,-230.32179025,-230.32052017,-230.20259223,Type_2
0038_5,2,1,-230.33932785,-230.33871625,-230.22391424,Type_2
0039_10,2,1,-230.34941371,-230.34413265,-230.22277446,Type_1
0039_11,2,1,-230.35910581,-230.35470814,-230.23357615,Type_2
0039_12,2,1,-230.35424913,-230.35012107,-230.25143803,Type_1
0039_13,2,1,-230.36537184,-230.35884506,-230.26045178,Type_1
0039_5,2,1,-230.38243062,-230.37289423,-230.28973134,Type_3
0039_6,2,1,-230.37707309,-230.37157186,-230.28242945,Type_3
0039_7,2,1,-230.37086284,-230.36671138,-230.25293696,Type_3
0039_8,2,1,-230.35224432,-230.34277465,-230.24724031,Type_3
0039_9,2,1,-230.37904781,-230.36937461,-230.2443632,Type_1
0040_10,2,1,-230.32435704,-230.32042612,-230.20213222,Type_3
0040_12,2,1,-230.35239583,-230.34189587,-230.26880357,Type_3
0040_13,2,1,-230.3355222,-230.32665259,-230.22844306,Type_3
0040_14,2,1,-230.33727792,-230.33537669,-230.24661386,Type_3
0040_15,2,1,-230.34795533,-230.34501708,-230.22877564,Type_1
0040_16,2,1,-230.34712975,-230.34259075,-230.25661448,Type_3
0040_17,2,1,-230.34602496,-230.34075631,-230.21900617,Type_1
0040_18,2,1,-230.34672161,-230.34087599,-230.23189285,Type_2
0040_19,2,1,-230.34098656,-230.34022078,-230.2473027,Type_2
0040_4,2,1,-230.36973439,-230.35387316,-230.27812251,Type_3
0040_6,2,1,-230.33292056,-230.32636034,-230.21658729,Type_3
0040_9,2,1,-230.33880149,-230.33847548,-230.21727611,Type_3
0041_10,2,1,-230.33967416,-230.33318363,-230.20532625,Type_2
0041_11,2,1,-230.37372592,-230.3698377,-230.25805458,Type_2
0041_12,2,1,-230.34916253,-230.34491336,-230.22343142,Type_2
0041_5,2,1,-230.33411443,-230.3249045,-230.23203495,Type_3
0041_6,2,1,-230.35569705,-230.34409036,-230.24246203,Type_2
0041_7,2,1,-230.35778409,-230.33996652,-230.23116267,Type_2
0041_8,2,1,-230.36088539,-230.35758153,-230.22821323,Type_1
0041_9,2,1,-230.33111261,-230.32789778,-230.24969085,Type_2
0042_4,2,1,-230.36056178,-230.34512945,-230.26590837,Type_3
0042_5,2,1,-230.34751736,-230.34481055,-230.21748592,Type_1
0042_6,2,1,-230.33556228,-230.33202082,-230.17655557,Type_1
0042_7,2,1,-230.36339669,-230.35942243,-230.21871846,Type_1
0042_8,2,1,-230.34601442,-230.34401723,-230.23428683,Type_2
0043_10,2,1,-230.32234486,-230.31880969,-230.24193518,Type_3
0043_3,2,1,-230.37909949,-230.36880826,-230.26887535,Type_2
0043_5,2,1,-230.33546429,-230.33425643,-230.21004251,Type_2
0043_7,2,1,-230.33679958,-230.33154957,-230.21714989,Type_2
0043_8,2,1,-230.34125473,-230.33593847,-230.22020776,Type_2
0043_9,2,1,-230.35339385,-230.35202545,-230.23190703,Type_1
0044_10,2,1,-230.33941176,-230.32854474,-230.2352392,Type_1
0044_11,2,1,-230.35084461,-230.33644049,-230.23725445,Type_2
0044_12,2,1,-230.37371463,-230.36067604,-230.27181499,Type_2
0044_13,2,1,-230.33952382,-230.33311645,-230.24006476,Type_2
0044_14,2,1,-230.33302234,-230.32695768,-230.2031191,Type_1
0044_15,2,1,-230.34018211,-230.33455832,-230.21934711,Type_1
0044_16,2,1,-230.33674963,-230.33076179,-230.21572993,Type_1
0044_17,2,1,-230.31809051,-230.31438689,-230.19312731,Type_1
0044_18,2,1,-230.31855027,-230.31626133,-230.18955568,Type_1
0044_19,2,1,-230.34409317,-230.3410557,-230.24245987,Type_1
0044_5,2,1,-230.3594982,-230.35220865,-230.26044931,Type_3
0044_7,2,1,-230.32712289,-230.32532237,-230.22922099,Type_3
0044_8,2,1,-230.36305861,-230.34532558,-230.233198,Type_1
0044_9,2,1,-230.32681056,-230.32128226,-230.25062953,Type_1
0046_3,2,1,-230.35075931,-230.34749651,-230.2455083,Type_3
0046_4,2,1,-230.33989728,-230.33627059,-230.23661109,Type_3
0046_5,2,1,-230.32162662,-230.32155103,-230.22031401,Type_2
0046_6,2,1,-230.32087052,-230.31418578,-230.20583654,Type_2
0046_8,2,1,-230.37756032,-230.37370848,-230.25805283,Type_3
0046_9,2,1,-230.34173097,-230.34007573,-230.23220417,Type_1
0047_4,2,1,-230.3457827,-230.33813691,-230.25958543,Type_3
0047_5,2,1,-230.29711201,-230.28776588,-230.20792327,Type_3
0047_6,2,1,-230.3120501,-230.31151119,-230.236066,Type_3
0047_7,2,1,-230.34665192,-230.34392151,-230.20458814,Type_1
0047_8,2,1,-230.30268681,-230.2942643,-230.19474451,Type_3
0047_9,2,1,-230.31991422,-230.3131235,-230.19826216,Type_1
0048_12,2,1,-230.35365487,-230.35274812,-230.2005646,Type_1
0048_13,2,1,-230.33445818,-230.33329789,-230.23006762,Type_3
0048_14,2,1,-230.36088502,-230.35985214,-230.26710186,Type_3
0048_15,2,1,-230.35686907,-230.35489538,-230.25346247,Type_1
0048_5,2,1,-230.3391412,-230.33815471,-230.23100335,Type_2
0048_7,2,1,-230.35951805,-230.34921352,-230.24574233,Type_2
0048_9,2,1,-230.3338514,-230.33196063,-230.23082648,Type_2
0049_10,2,1,-230.33240142,-230.32954008,-230.18955436,Type_1
0049_11,2,1,-230.33864768,-230.33654092,-230.19561711,Type_2
0049_12,2,1,-230.34148131,-230.34109983,-230.19180644,Type_1
0049_3,2,1,-230.36540781,-230.35788851,-230.25218025,Type_2
0049_4,2,1,-230.36145391,-230.35214417,-230.22874491,Type_2
0049_6,2,1,-230.36759578,-230.35877908,-230.2479495,Type_2
0049_8,2,1,-230.35333046,-230.34660035,-230.24096554,Type_2
0049_9,2,1,-230.36038629,-230.35544246,-230.21508274,Type_1
0051_10,2,1,-230.35836041,-230.3462472,-230.22276218,Type_1
0051_11,2,1,-230.35837439,-230.35027987,-230.21457627,Type_1
0051_12,2,1,-230.36258329,-230.36167242,-230.22985427,Type_1
0051_13,2,1,-230.34667153,-230.34473796,-230.23271905,Type_1
0051_14,2,1,-230.3377901,-230.33737859,-230.23796257,Type_2
0051_6,2,1,-230.34493646,-230.33810727,-230.21154868,Type_3
0051_7,2,1,-230.32735725,-230.32677843,-230.22520828,Type_3
0051_9,2,1,-230.36338434,-230.35587437,-230.24768324,Type_2
0052_10,2,1,-230.36413285,-230.36174069,-230.26124468,Type_3
0052_13,2,1,-230.3462958,-230.33265296,-230.25229425,Type_2
0052_14,2,1,-230.33624867,-230.33487065,-230.22543947,Type_2
0052_15,2,1,-230.34383548,-230.33647875,-230.20426715,Type_1
0052_16,2,1,-230.34587445,-230.34473836,-230.25629525,Type_2
0052_5,2,1,-230.34952068,-230.33631492,-230.22136596,Type_3
0052_6,2,1,-230.33779768,-230.3325228,-230.22799042,Type_3
0052_8,2,1,-230.33031974,-230.32463169,-230.22300684,Type_3
0052_9,2,1,-230.33171795,-230.32943706,-230.22958048,Type_2
0053_10,2,1,-230.32839051,-230.32066623,-230.22380997,Type_2
0053_11,2,1,-230.29810449,-230.29746249,-230.20336471,Type_2
0053_12,2,1,-230.33126734,-230.32018275,-230.2507861,Type_2
0053_13,2,1,-230.34622059,-230.34214422,-230.2334154,Type_2
0053_14,2,1,-230.35670203,-230.34679704,-230.24505735,Type_1
0053_15,2,1,-230.33718596,-230.32154545,-230.25479924,Type_1
0053_16,2,1,-230.34182404,-230.33788328,-230.20133637,Type_1
0053_17,2,1,-230.31779124,-230.31454579,-230.17976412,Type_1
0053_5,2,1,-230.35214515,-230.33702881,-230.25057831,Type_3
0053_6,2,1,-230.34042638,-230.32962538,-230.23961069,Type_3
0053_8,2,1,-230.36777832,-230.357409,-230.27169803,Type_3
0053_9,2,1,-230.35710748,-230.35602331,-230.26000172,Type_3
0054_10,2,1,-230.35058549,-230.34462019,-230.24702081,Type_2
0054_11,2,1,-230.35678712,-230.35543773,-230.24351823,Type_2
0054_12,2,1,-230.35131711,-230.34547595,-230.20902838,Type_1
0054_13,2,1,-230.37140674,-230.36114923,-230.24699505,Type_1
0054_14,2,1,-230.34666405,-230.3424538,-230.18256277,Type_1
0054_15,2,1,-230.33933663,-230.33501668,-230.25418869,Type_2
0054_4,2,1,-230.35429058,-230.3453844,-230.22150645,Type_1
0054_5,2,1,-230.34002051,-230.32840518,-230.19936676,Type_4
0054_6,2,1,-230.32111471,-230.31595201,-230.18214034,Type_2
0054_8,2,1,-230.34259692,-230.34228356,-230.20635328,Type_2
0054_9,2,1,-230.37536318,-230.36795423,-230.26350174,Type_2
0055_10,2,1,-230.33940818,-230.33524186,-230.23872803,Type_2
0055_11,2,1,-230.35661287,-230.34326406,-230.24324634,Type_2
0055_3,2,1,-230.36666533,-230.34996027,-230.24745058,Type_3
0055_6,2,1,-230.33082239,-230.32419725,-230.21589776,Type_2
0055_7,2,1,-230.32637827,-230.32308196,-230.19907917,Type_2
0055_8,2,1,-230.33519362,-230.32561491,-230.19866371,Type_2
0055_9,2,1,-230.34557234,-230.34017138,-230.21326804,Type_2
0056_10,2,1,-230.33035729,-230.32702238,-230.20789423,Type_2
0056_11,2,1,-230.34783884,-230.34246769,-230.24661714,Type_1
0056_12,2,1,-230.35047045,-230.34951516,-230.24331843,Type_2
0056_13,2,1,-230.32686797,-230.32528964,-230.23776533,Type_1
0056_4,2,1,-230.34815062,-230.33989888,-230.24797073,Type_2
0056_6,2,1,-230.33505117,-230.32586881,-230.21829029,Type_2
0056_8,2,1,-230.32076908,-230.31425643,-230.18926667,Type_2
0056_9,2,1,-230.3246522,-230.32411926,-230.20949255,Type_2
0057_10,2,1,-230.38157788,-230.36419622,-230.26345767,Type_3
0057_11,2,1,-230.32820632,-230.32760307,-230.22178391,Type_3
0057_4,2,1,-230.35491279,-230.34336467,-230.23501892,Type_3
0057_5,2,1,-230.35697124,-230.34987515,-230.24296582,Type_3
0057_8,2,1,-230.33900159,-230.33699572,-230.21802628,Type_3
0057_9,2,1,-230.33643189,-230.33594807,-230.22129705,Type_2
0058_3,2,1,-230.37974094,-230.3773823,-230.27878935,Type_3
0058_6,2,1,-230.37381059,-230.37200488,-230.26163664,Type_3
0058_8,2,1,-230.37140055,-230.37012748,-230.24749586,Type_1
0058_9,2,1,-230.34615061,-230.34438543,-230.23778419,Type_1
0059_10,2,1,-230.35247019,-230.34720553,-230.24730011,Type_1
0059_11,2,1,-230.36300724,-230.35398061,-230.26939578,Type_2
0059_12,2,1,-230.36341246,-230.35724053,-230.24885207,Type_1
0059_13,2,1,-230.35034843,-230.34735988,-230.24253428,Type_1
0059_5,2,1,-230.36469977,-230.36402101,-230.21977433,Type_1
0059_6,2,1,-230.3571681,-230.34931388,-230.20480896,Type_1
0059_7,2,1,-230.36766378,-230.3664836,-230.23841403,Type_1
0059_8,2,1,-230.36109316,-230.36015098,-230.22460378,Type_1
0059_9,2,1,-230.37914966,-230.37454274,-230.26068181,Type_1
0061_10,2,1,-230.32683748,-230.32338559,-230.19845148,Type_3
0061_11,2,1,-230.3259036,-230.31541349,-230.24944102,Type_2
0061_12,2,1,-230.34437773,-230.3306546,-230.2346347,Type_3
0061_13,2,1,-230.29978205,-230.29809804,-230.18844477,Type_1
0061_3,2,1,-230.37043534,-230.36403159,-230.27122641,Type_2
0061_5,2,1,-230.31495385,-230.30856745,-230.22724794,Type_3
0061_6,2,1,-230.34409264,-230.32846805,-230.24371745,Type_3
0061_8,2,1,-230.32079431,-230.31934781,-230.22226224,Type_3
0061_9,2,1,-230.33331815,-230.33015244,-230.20334285,Type_1
0062_12,2,1,-230.35589172,-230.34772526,-230.2466688,Type_3
0062_13,2,1,-230.33742883,-230.33434545,-230.21003118,Type_1
0062_14,2,1,-230.34860607,-230.3422613,-230.21822,Type_1
0062_15,2,1,-230.34610528,-230.34449123,-230.20784125,Type_1
0062_16,2,1,-230.33367747,-230.33053395,-230.21980983,Type_1
0062_17,2,1,-230.33652436,-230.33244975,-230.21971191,Type_1
0062_18,2,1,-230.34372857,-230.34248227,-230.26374695,Type_2
0062_5,2,1,-230.36299834,-230.35218048,-230.26016471,Type_3
0062_6,2,1,-230.35238487,-230.35072966,-230.25168025,Type_3
0062_7,2,1,-230.37201122,-230.35064899,-230.26589994,Type_3
0062_8,2,1,-230.36736435,-230.35582582,-230.24995006,Type_3
0063_3,2,1,-230.35872807,-230.33789968,-230.23449007,Type_3
0063_4,2,1,-230.33105293,-230.32567017,-230.21445171,Type_3
0063_6,2,1,-230.3443351,-230.34268253,-230.24185653,Type_3
0063_7,2,1,-230.33861597,-230.32877175,-230.23618608,Type_3
0063_8,2,1,-230.36304431,-230.34799325,-230.2488459,Type_3
0063_9,2,1,-230.32789237,-230.32611333,-230.19691079,Type_1
0064_10,2,1,-230.28632867,-230.28578009,-230.19749411,Type_2
0064_11,2,1,-230.35256319,-230.34880026,-230.24561892,Type_1
0064_12,2,1,-230.32986561,-230.32158644,-230.19767592,Type_2
0064_13,2,1,-230.31505914,-230.31365032,-230.19892328,Type_2
0064_5,2,1,-230.3408687,-230.33900773,-230.23886575,Type_2
0064_6,2,1,-230.31825921,-230.31445409,-230.21038928,Type_2
0064_7,2,1,-230.30714789,-230.30445466,-230.22110164,Type_2
0064_9,2,1,-230.31144465,-230.31089881,-230.21352719,Type_2
0065_10,2,1,-230.33251211,-230.32291444,-230.22226643,Type_2
0065_11,2,1,-230.34446467,-230.33943852,-230.24776906,Type_3
0065_12,2,1,-230.32512029,-230.31638885,-230.20771387,Type_2
0065_13,2,1,-230.30167949,-230.29730655,-230.17868979,Type_2
0065_4,2,1,-230.32318394,-230.30831957,-230.18719496,Type_2
0065_5,2,1,-230.32723272,-230.31818445,-230.20327963,Type_1
0065_6,2,1,-230.29693645,-230.29219955,-230.18023628,Type_1
0065_7,2,1,-230.30862552,-230.30409622,-230.19470198,Type_2
0065_8,2,1,-230.30119036,-230.29241897,-230.19230118,Type_2
0065_9,2,1,-230.33051917,-230.31502547,-230.23311115,Type_3
0066_10,2,1,-230.35058545,-230.3463516,-230.25033603,Type_2
0066_11,2,1,-230.33278996,-230.32733073,-230.24933231,Type_1
0066_12,2,1,-230.31138949,-230.30720949,-230.20359079,Type_2
0066_13,2,1,-230.32207478,-230.32073167,-230.19453197,Type_1
0066_6,2,1,-230.31732358,-230.30737481,-230.21591213,Type_3
0066_7,2,1,-230.34099464,-230.33987,-230.20187344,Type_1
0066_8,2,1,-230.34300542,-230.33871624,-230.20746839,Type_1
0066_9,2,1,-230.32177031,-230.31981034,-230.20446905,Type_2
0067_10,2,1,-230.3581269,-230.35403424,-230.24923276,Type_2
0067_11,2,1,-230.3463306,-230.34463004,-230.24476344,Type_2
0067_4,2,1,-230.33066694,-230.31842543,-230.22540399,Type_2
0067_6,2,1,-230.36017012,-230.35398835,-230.23135531,Type_2
0067_7,2,1,-230.3166751,-230.31359418,-230.19479011,Type_2
0067_8,2,1,-230.34547124,-230.33746937,-230.25135323,Type_2
0067_9,2,1,-230.31889142,-230.31814044,-230.20262913,Type_2
0068_10,2,1,-230.35382617,-230.35015889,-230.20622323,Type_1
0068_11,2,1,-230.36737574,-230.36529663,-230.26702226,Type_3
0068_12,2,1,-230.35164979,-230.34311076,-230.24166425,Type_3
0068_13,2,1,-230.35287169,-230.3443134,-230.20170324,Type_1
0068_14,2,1,-230.32206995,-230.32135685,-230.19946929,Type_1
0068_5,2,1,-230.36183237,-230.35616245,-230.25325459,Type_3
0068_8,2,1,-230.34613873,-230.33024649,-230.22919707,Type_3
0068_9,2,1,-230.37811697,-230.37170958,-230.2499478,Type_1
0069_5,2,1,-230.32814156,-230.32608894,-230.21829408,Type_3
0069_6,2,1,-230.28946465,-230.28477803,-230.17736942,Type_3
0069_8,2,1,-230.33269683,-230.32998605,-230.2255231,Type_2
0069_9,2,1,-230.30503994,-230.29819137,-230.21180352,Type_2
0070_10,2,1,-230.32785374,-230.31424547,-230.2058755,Type_1
0070_11,2,1,-230.32934629,-230.32716456,-230.20812434,Type_1
0070_12,2,1,-230.34138991,-230.32905958,-230.18659381,Type_1
0070_13,2,1,-230.35469607,-230.35227259,-230.21261038,Type_1
0070_14,2,1,-230.33103215,-230.32679379,-230.22652494,Type_1
0070_15,2,1,-230.33215769,-230.32341712,-230.21144106,Type_2
0070_5,2,1,-230.34148369,-230.33052208,-230.22308353,Type_2
0070_6,2,1,-230.33931217,-230.32948242,-230.21116865,Type_2
0070_7,2,1,-230.31995995,-230.31776307,-230.20475763,Type_2
0070_8,2,1,-230.33434396,-230.33232878,-230.23996337,Type_1
0070_9,2,1,-230.33926334,-230.3374603,-230.23889761,Type_2
0071_12,2,1,-230.34496762,-230.34380568,-230.2382878,Type_2
0071_13,2,1,-230.33443543,-230.33068805,-230.21492347,Type_1
0071_14,2,1,-230.34159265,-230.3404118,-230.24929334,Type_1
0071_3,2,1,-230.32062694,-230.31362705,-230.21490103,Type_3
0071_5,2,1,-230.36284197,-230.34678307,-230.24185996,Type_3
0071_7,2,1,-230.32714455,-230.32125974,-230.19757044,Type_3
0071_8,2,1,-230.31902878,-230.31631041,-230.2067808,Type_3
0071_9,2,1,-230.35083867,-230.34966679,-230.22899565,Type_1
0072_4,2,1,-230.37631681,-230.36759831,-230.28305046,Type_3
0072_5,2,1,-230.36031655,-230.34937907,-230.24987719,Type_2
0072_6,2,1,-230.36043955,-230.35262915,-230.25100198,Type_2
0072_7,2,1,-230.35145172,-230.34377503,-230.24161082,Type_2
0072_8,2,1,-230.34888364,-230.34335947,-230.25729511,Type_2
0072_9,2,1,-230.33924637,-230.33878454,-230.2296568,Type_2
0073_4,2,1,-230.33584445,-230.33281414,-230.24465224,Type_3
0073_6,2,1,-230.35646295,-230.34563759,-230.25517454,Type_2
0073_7,2,1,-230.35221824,-230.33332269,-230.20214547,Type_1
0073_8,2,1,-230.34741336,-230.34539697,-230.22005075,Type_1
0073_9,2,1,-230.33003204,-230.32394795,-230.17110234,Type_2
0074_3,2,1,-230.36098798,-230.35048046,-230.25219904,Type_3
0074_5,2,1,-230.36728854,-230.35331922,-230.27181041,Type_3
0074_6,2,1,-230.35904029,-230.34059458,-230.23715553,Type_3
0074_7,2,1,-230.34939175,-230.34365483,-230.25010345,Type_3
0074_8,2,1,-230.35370366,-230.34890443,-230.27331413,Type_1
0074_9,2,1,-230.36295246,-230.36191294,-230.2671531,Type_1
0075_10,2,1,-230.34601664,-230.34381043,-230.19983935,Type_1
0075_4,2,1,-230.35401409,-230.34500262,-230.26058524,Type_3
0075_6,2,1,-230.35933654,-230.34976767,-230.24967397,Type_3
0075_9,2,1,-230.32780864,-230.3271845,-230.22323865,Type_1
0076_3,2,1,-230.30725494,-230.29947858,-230.2136468,Type_3
0076_5,2,1,-230.32605864,-230.32204654,-230.2172216,Type_3
0076_6,2,1,-230.30758778,-230.3031042,-230.18066223,Type_3
0076_7,2,1,-230.34279883,-230.3310137,-230.23507663,Type_2
0076_8,2,1,-230.30759305,-230.30630271,-230.21816188,Type_1
0077_5,2,1,-230.37581414,-230.36994532,-230.26653001,Type_2
0077_6,2,1,-230.36506362,-230.36287044,-230.24637451,Type_2
0077_7,2,1,-230.34034281,-230.33996056,-230.24833506,Type_2
0077_8,2,1,-230.34891662,-230.34292971,-230.2509079,Type_2
0078_10,2,1,-230.33707586,-230.32925717,-230.22269577,Type_2
0078_4,2,1,-230.33646478,-230.33206851,-230.22585521,Type_3
0078_6,2,1,-230.34555415,-230.34025952,-230.26394599,Type_3
0078_7,2,1,-230.35130729,-230.34500045,-230.24998245,Type_3
0078_8,2,1,-230.34628892,-230.33995772,-230.2202398,Type_2
0078_9,2,1,-230.344223,-230.33638154,-230.21199809,Type_2
0079_11,2,1,-230.36262452,-230.36039416,-230.25859195,Type_3
0079_12,2,1,-230.34830803,-230.34711352,-230.22640029,Type_3
0079_13,2,1,-230.35509132,-230.34253034,-230.24913149,Type_2
0079_14,2,1,-230.33223046,-230.32749839,-230.24086345,Type_2
0079_5,2,1,-230.35978792,-230.3544304,-230.26262126,Type_3
0079_6,2,1,-230.37023302,-230.36060738,-230.27270856,Type_3
0079_7,2,1,-230.31708802,-230.31004784,-230.20807712,Type_3
0080_10,2,1,-230.35535995,-230.34350306,-230.25736331,Type_3
0080_11,2,1,-230.34034296,-230.33267319,-230.2329773,Type_3
0080_12,2,1,-230.3384536,-230.33040404,-230.23007672,Type_1
0080_13,2,1,-230.3552779,-230.34625794,-230.23257322,Type_2
0080_14,2,1,-230.35364817,-230.34170776,-230.20684436,Type_1
0080_15,2,1,-230.34878542,-230.34492496,-230.23957948,Type_2
0080_3,2,1,-230.34586873,-230.3442025,-230.25239751,Type_2
0080_4,2,1,-230.35748411,-230.35656954,-230.26275682,Type_1
0080_8,2,1,-230.35889993,-230.33865938,-230.25982167,Type_3
0081_10,2,1,-230.35851535,-230.34233383,-230.2601046,Type_3
0081_11,2,1,-230.36086203,-230.35099261,-230.28023237,Type_3
0081_12,2,1,-230.32678126,-230.31708826,-230.24099776,Type_2
0081_13,2,1,-230.36881735,-230.36145773,-230.23145699,Type_1
0081_14,2,1,-230.35027348,-230.34398908,-230.23653363,Type_2
0081_15,2,1,-230.3453993,-230.34177748,-230.21255356,Type_2
0081_16,2,1,-230.32295846,-230.32019676,-230.19893983,Type_2
0081_17,2,1,-230.31783884,-230.31372599,-230.24822258,Type_2
0081_6,2,1,-230.34256103,-230.33510091,-230.20455152,Type_3
0081_7,2,1,-230.30276482,-230.29823278,-230.19014681,Type_3
0081_8,2,1,-230.33380823,-230.32737262,-230.21350498,Type_1
0081_9,2,1,-230.35249186,-230.34640806,-230.21696998,Type_1
0082_10,2,1,-230.3433621,-230.32934237,-230.24855293,Type_2
0082_11,2,1,-230.30197727,-230.30136849,-230.17187525,Type_2
0082_12,2,1,-230.32612633,-230.32455079,-230.2260054,Type_3
0082_13,2,1,-230.31449601,-230.30761982,-230.19222728,Type_2
0082_14,2,1,-230.29516799,-230.28738202,-230.17959779,Type_1
0082_15,2,1,-230.28643533,-230.28469615,-230.20559976,Type_2
0082_16,2,1,-230.26733437,-230.26282054,-230.19314519,Type_3
0082_7,2,1,-230.29889386,-230.29763475,-230.18698614,Type_1
0082_8,2,1,-230.29961451,-230.29340011,-230.17178175,Type_1
0082_9,2,1,-230.30452857,-230.29184974,-230.22493301,Type_2
0083_4,2,1,-230.36355113,-230.35092038,-230.25745398,Type_3
0083_6,2,1,-230.36837517,-230.35344306,-230.25067449,Type_3
0083_7,2,1,-230.37755272,-230.37459489,-230.25906367,Type_3
0083_8,2,1,-230.34884757,-230.34740901,-230.24414243,Type_3
0083_9,2,1,-230.32951206,-230.32892087,-230.20479747,Type_1
0084_10,2,1,-230.32820278,-230.31879454,-230.21184782,Type_3
0084_11,2,1,-230.33781347,-230.33724507,-230.19472714,Type_1
0084_12,2,1,-230.36512081,-230.36248015,-230.246609,Type_1
0084_13,2,1,-230.35636589,-230.34528285,-230.25367163,Type_3
0084_14,2,1,-230.31820542,-230.31194948,-230.19862634,Type_2
0084_15,2,1,-230.29540969,-230.29048423,-230.18143494,Type_2
0084_16,2,1,-230.34167102,-230.34124302,-230.25218628,Type_2
0084_4,2,1,-230.31839379,-230.31035885,-230.20570074,Type_3
0084_5,2,1,-230.3377795,-230.32801377,-230.2146946,Type_3
0084_8,2,1,-230.30706562,-230.30447272,-230.18889025,Type_3
0084_9,2,1,-230.32821737,-230.32590402,-230.20402518,Type_3
0085_10,2,1,-230.33333889,-230.32586021,-230.19884452,Type_2
0085_11,2,1,-230.33390714,-230.32996094,-230.24198329,Type_2
0085_12,2,1,-230.36149816,-230.35276492,-230.25660671,Type_2
0085_13,2,1,-230.34933655,-230.34402521,-230.20287622,Type_1
0085_4,2,1,-230.3160468,-230.31038296,-230.22513091,Type_2
0085_5,2,1,-230.32513901,-230.32041403,-230.22989421,Type_2
0085_6,2,1,-230.35839781,-230.34962741,-230.23895688,Type_2
0085_7,2,1,-230.33417949,-230.32136964,-230.22489624,Type_2
0085_8,2,1,-230.31811541,-230.31653124,-230.20599068,Type_2
0085_9,2,1,-230.34025197,-230.33699621,-230.21941738,Type_2
0086_10,2,1,-230.34335631,-230.34253207,-230.22838626,Type_2
0086_11,2,1,-230.35236942,-230.3467635,-230.23230469,0200_15
0086_12,2,1,-230.32545752,-230.32399175,-230.20973786,Type_3
0086_6,2,1,-230.37461661,-230.36553837,-230.26153146,Type_3
0086_7,2,1,-230.31146499,-230.30885396,-230.20422469,Type_3
0086_8,2,1,-230.33330123,-230.3317297,-230.22231704,Type_3
0086_9,2,1,-230.36314409,-230.35649381,-230.21274463,Type_1
0087_10,2,1,-230.38104352,-230.36761293,-230.24518679,Type_1
0087_11,2,1,-230.35447219,-230.3392907,-230.19125603,Type_1
0087_13,2,1,-230.32138045,-230.31562097,-230.17468962,Type_1
0087_14,2,1,-230.32896222,-230.32654208,-230.21979857,Type_3
0087_15,2,1,-230.32101832,-230.32006168,-230.20160656,Type_1
0087_16,2,1,-230.3431499,-230.34047109,-230.21543432,Type_1
0087_5,2,1,-230.31561454,-230.31424486,-230.20436225,Type_3
0087_6,2,1,-230.33878319,-230.33447083,-230.23279133,Type_3
0087_9,2,1,-230.35636536,-230.34972137,-230.24559497,Type_3
0088_4,2,1,-230.35951957,-230.34644593,-230.24791698,Type_3
0088_5,2,1,-230.36571016,-230.36414494,-230.22763647,Type_1
0088_6,2,1,-230.34458924,-230.33743337,-230.22370866,Type_3
0088_7,2,1,-230.37525772,-230.36354733,-230.26548823,Type_3
0088_8,2,1,-230.34173407,-230.33770888,-230.26086748,Type_3
0088_9,2,1,-230.32902326,-230.32808202,-230.24477484,Type_3
0089_3,2,1,-230.35862509,-230.35607609,-230.21797619,Type_1
0089_4,2,1,-230.38447643,-230.37922423,-230.24084714,Type_1
0089_5,2,1,-230.3521361,-230.35187358,-230.22223668,Type_2
0090_3,2,1,-230.35813902,-230.35469561,-230.25123902,Type_3
0090_4,2,1,-230.35972967,-230.35441426,-230.26713903,Type_3
0090_5,2,1,-230.34148861,-230.33390835,-230.24161729,Type_3
0090_6,2,1,-230.34335693,-230.34294182,-230.20793079,Type_1
0091_4,2,1,-230.34716304,-230.34603232,-230.22772228,Type_2
0091_5,2,1,-230.32239384,-230.32057763,-230.21015751,Type_2
0091_6,2,1,-230.35575414,-230.35100135,-230.23227957,Type_2
0091_7,2,1,-230.30068691,-230.29959412,-230.18969047,Type_2
0094_10,2,1,-230.30137475,-230.29656914,-230.17639552,Type_3
0094_11,2,1,-230.38297767,-230.38231659,-230.28540984,Type_3
0094_12,2,1,-230.32425915,-230.32221235,-230.20498134,Type_1
0094_13,2,1,-230.34814052,-230.34577992,-230.23566369,Type_1
0094_4,2,1,-230.32535263,-230.32279156,-230.20864614,Type_3
0094_5,2,1,-230.33698642,-230.32729761,-230.22721509,Type_1
0094_6,2,1,-230.35461315,-230.34447919,-230.25554504,Type_2
0095_3,2,1,-230.31174014,-230.30064716,-230.17831734,Type_2
0095_4,2,1,-230.30706079,-230.30560174,-230.1737189,Type_2
0095_5,2,1,-230.32877125,-230.32278292,-230.20551095,Type_2
0095_6,2,1,-230.35115691,-230.34876214,-230.243829,Type_1
0096_10,2,1,-230.35572689,-230.35498256,-230.2453441,Type_2
0096_11,2,1,-230.34167327,-230.3385696,-230.22855433,Type_2
0096_12,2,1,-230.37333886,-230.37013086,-230.26375107,Type_2
0096_13,2,1,-230.34922987,-230.34856278,-230.23759085,Type_2
0096_4,2,1,-230.3670708,-230.3609062,-230.274969,Type_2
0096_6,2,1,-230.3545819,-230.3506528,-230.23800628,Type_2
0096_8,2,1,-230.34629058,-230.34559046,-230.22122548,Type_2
0096_9,2,1,-230.34683031,-230.34320775,-230.21607771,Type_2
0097_10,2,1,-230.33315466,-230.32649965,-230.22511919,Type_2
0097_11,2,1,-230.33693001,-230.33476353,-230.22258121,Type_3
0097_12,2,1,-230.35136697,-230.35018527,-230.26719273,Type_3
0097_13,2,1,-230.32763315,-230.31825219,-230.23547865,Type_1
0097_14,2,1,-230.34594705,-230.33730062,-230.23137875,Type_2
0097_15,2,1,-230.30952971,-230.30867512,-230.19798336,Type_2
0097_6,2,1,-230.36203357,-230.35897741,-230.25851931,Type_3
0097_7,2,1,-230.35770643,-230.33897481,-230.25960819,Type_3
0097_9,2,1,-230.35744468,-230.3423507,-230.25870204,Type_3
0098_11,2,1,-230.31144568,-230.31129756,-230.1989716,Type_2
0098_12,2,1,-230.36842235,-230.35716559,-230.2643633,Type_2
0098_13,2,1,-230.31817377,-230.31257237,-230.21336172,Type_2
0098_14,2,1,-230.3060121,-230.30073473,-230.19577605,Type_2
0098_15,2,1,-230.33750259,-230.32829053,-230.21571861,Type_2
0098_16,2,1,-230.31238587,-230.30959652,-230.19543415,Type_1
0098_17,2,1,-230.30728075,-230.30596431,-230.22051625,Type_3
0098_18,2,1,-230.32222765,-230.32027839,-230.19435272,Type_1
0098_19,2,1,-230.31498634,-230.31413186,-230.17921788,Type_1
0098_20,2,1,-230.32424791,-230.32358885,-230.2013101,Type_1
0098_5,2,1,-230.33150268,-230.33017323,-230.21340875,Type_2
0098_6,2,1,-230.3252362,-230.32455206,-230.20432617,Type_2
0098_7,2,1,-230.3470865,-230.33779103,-230.23192853,Type_2
0098_8,2,1,-230.3402795,-230.33663328,-230.21779619,Type_2
0099_10,2,1,-230.35767337,-230.34630935,-230.23264367,Type_1
0099_3,2,1,-230.34804559,-230.34436838,-230.22092727,Type_3
0099_5,2,1,-230.3567068,-230.35448471,-230.24024002,Type_3
0099_8,2,1,-230.33679894,-230.33546852,-230.23058692,Type_3
0104_11,2,1,-230.34944819,-230.34540626,-230.23892271,Type_3
0104_12,2,1,-230.3538823,-230.3386334,-230.22026729,Type_2
0104_13,2,1,-230.33354439,-230.33248527,-230.22453113,Type_2
0104_14,2,1,-230.339607,-230.33235391,-230.2106466,Type_2
0104_15,2,1,-230.32944336,-230.32843201,-230.23813755,Type_2
0104_16,2,1,-230.33914403,-230.33868445,-230.23336567,Type_2
0104_4,2,1,-230.36754916,-230.36590055,-230.26550636,Type_3
0104_6,2,1,-230.36768702,-230.3466925,-230.26263209,Type_3
0104_8,2,1,-230.36935824,-230.36617446,-230.28116064,Type_3
0105_12,2,1,-230.34401405,-230.34000516,-230.25187381,Type_2
0105_13,2,1,-230.34974447,-230.34944272,-230.26226977,Type_2
0105_14,2,1,-230.36066197,-230.35890961,-230.233528,Type_1
0105_15,2,1,-230.36662948,-230.36288212,-230.24490836,Type_2
0105_4,2,1,-230.35014548,-230.34759306,-230.24791406,Type_3
0105_7,2,1,-230.36284879,-230.35987248,-230.24362165,Type_3
0105_8,2,1,-230.3813999,-230.37642452,-230.26374712,Type_3
0105_9,2,1,-230.37760129,-230.36161444,-230.27848826,Type_3
0106_10,2,1,-230.32085982,-230.31391777,-230.201453,Type_2
0106_11,2,1,-230.33095639,-230.32637859,-230.21249384,Type_2
0106_12,2,1,-230.33972866,-230.32986971,-230.24444736,Type_2
0106_13,2,1,-230.33468241,-230.32319699,-230.22978033,Type_2
0106_14,2,1,-230.33328562,-230.31888188,-230.24627034,Type_2
0106_4,2,1,-230.36225293,-230.35233437,-230.23700715,Type_3
0106_6,2,1,-230.35224449,-230.34186918,-230.23346583,Type_3
0106_7,2,1,-230.30313341,-230.29920783,-230.1770392,Type_1
0106_8,2,1,-230.32678024,-230.31789748,-230.18107985,Type_1
0106_9,2,1,-230.37233474,-230.36895894,-230.22117973,Type_1
0108_10,2,1,-230.30774305,-230.30753298,-230.22274245,Type_2
0108_3,2,1,-230.32014849,-230.31112191,-230.22888192,Type_3
0108_5,2,1,-230.34084944,-230.33958326,-230.22234447,Type_3
0108_6,2,1,-230.32291556,-230.31775411,-230.22946533,Type_3
0108_8,2,1,-230.3306856,-230.32801588,-230.22037268,Type_3
0108_9,2,1,-230.3441277,-230.34206781,-230.26947423,Type_3
0109_10,2,1,-230.33783421,-230.33015935,-230.20720795,Type_1
0109_11,2,1,-230.32613739,-230.32032893,-230.21997319,Type_1
0109_12,2,1,-230.35545764,-230.35054502,-230.24571508,Type_1
0109_13,2,1,-230.34473171,-230.33434721,-230.21015317,Type_2
0109_14,2,1,-230.36406191,-230.35946755,-230.2328704,Type_1
0109_4,2,1,-230.38112277,-230.37735132,-230.26192399,Type_3
0109_6,2,1,-230.33291917,-230.32777124,-230.22700359,Type_3
0109_7,2,1,-230.33430755,-230.31942152,-230.20910676,Type_3
0109_8,2,1,-230.32475003,-230.31912598,-230.19221953,Type_1
0109_9,2,1,-230.32011927,-230.31918126,-230.21319792,Type_3
0111_10,2,1,-230.35447786,-230.34851058,-230.24514616,Type_1
0111_11,2,1,-230.3718065,-230.35883167,-230.24035727,Type_1
0111_12,2,1,-230.34486956,-230.34360532,-230.27107947,Type_3
0111_3,2,1,-230.36385767,-230.36297063,-230.25825425,Type_3
0111_5,2,1,-230.35481912,-230.34408132,-230.23476702,Type_3
0111_7,2,1,-230.36684688,-230.36155199,-230.25893498,Type_3
0111_8,2,1,-230.33382864,-230.32909426,-230.23524859,Type_3
0111_9,2,1,-230.38127231,-230.37280541,-230.25961919,Type_1
0112_10,2,1,-230.38880817,-230.38074322,-230.28682697,Type_3
0112_11,2,1,-230.38557197,-230.37118814,-230.27404601,Type_3
0112_12,2,1,-230.38745222,-230.37163068,-230.27809805,Type_3
0112_13,2,1,-230.38529006,-230.38403026,-230.28161125,Type_3
0112_14,2,1,-230.37785578,-230.37773602,-230.26972366,Type_3
0112_15,2,1,-230.36712434,-230.35851162,-230.26343375,Type_3
0112_16,2,1,-230.38475749,-230.37249725,-230.25500238,Type_2
0112_4,2,1,-230.38742276,-230.36673776,-230.24739446,Type_3
0112_6,2,1,-230.37547478,-230.36513112,-230.24471082,Type_3
0112_8,2,1,-230.38670982,-230.37752794,-230.26092303,Type_3
0114_3,2,1,-230.34735826,-230.34627216,-230.22137981,Type_2
0114_4,2,1,-230.34990922,-230.34233639,-230.21758368,Type_2
0114_5,2,1,-230.36652796,-230.36060642,-230.24571604,Type_2
0114_6,2,1,-230.33156384,-230.3272928,-230.24056814,Type_1
0116_10,2,1,-230.30806028,-230.30562713,-230.24908676,Type_1
0116_11,2,1,-230.33901943,-230.33657274,-230.2570014,Type_2
0116_13,2,1,-230.35422734,-230.34622207,-230.23845985,Type_2
0116_15,2,1,-230.31265704,-230.31186935,-230.1916244,Type_2
0116_16,2,1,-230.3357483,-230.33297239,-230.19135781,Type_1
0116_18,2,1,-230.33360465,-230.32295635,-230.21993494,Type_2
0116_19,2,1,-230.31968644,-230.31848818,-230.19267405,Type_1
0116_20,2,1,-230.33731988,-230.3321765,-230.21428766,Type_2
0116_21,2,1,-230.31885427,-230.30708106,-230.19460219,Type_1
0116_22,2,1,-230.34602558,-230.34224706,-230.2445008,Type_1
0116_8,2,1,-230.35254233,-230.34879376,-230.28256852,Type_2
0117_10,2,1,-230.36342115,-230.3524108,-230.24955886,Type_1
0117_11,2,1,-230.37590161,-230.36413956,-230.27408254,Type_2
0117_12,2,1,-230.36083387,-230.3523802,-230.25563737,Type_2
0117_13,2,1,-230.36946067,-230.35945248,-230.27438977,Type_2
0117_14,2,1,-230.35220696,-230.34569309,-230.26538073,Type_2
0117_15,2,1,-230.33862251,-230.33780544,-230.23136521,Type_2
0117_3,2,1,-230.38267188,-230.36458437,-230.26956883,Type_3
0117_5,2,1,-230.37889908,-230.3553687,-230.25951776,Type_3
0117_7,2,1,-230.38369239,-230.36653641,-230.2671112,Type_3
0117_8,2,1,-230.35068531,-230.34272995,-230.24097222,Type_3
0117_9,2,1,-230.34451934,-230.34248585,-230.24670295,Type_3
0118_11,2,1,-230.35372855,-230.34426808,-230.25117024,Type_3
0118_12,2,1,-230.34571795,-230.34079291,-230.23907415,Type_3
0118_13,2,1,-230.35311388,-230.35213874,-230.23264397,Type_2
0118_14,2,1,-230.35854979,-230.35797352,-230.23931826,Type_2
0118_15,2,1,-230.34672596,-230.34524597,-230.24359537,Type_2
0118_16,2,1,-230.33793787,-230.33496912,-230.24348129,Type_3
0118_17,2,1,-230.34494732,-230.34416726,-230.20518624,Type_1
0118_18,2,1,-230.34573525,-230.34477393,-230.20296864,Type_1
0118_19,2,1,-230.36344281,-230.36153958,-230.25134971,Type_2
0118_20,2,1,-230.355836,-230.3491398,-230.2306731,Type_1
0118_21,2,1,-230.34186962,-230.33060814,-230.25731463,Type_2
0118_4,2,1,-230.36575844,-230.35601618,-230.23853252,Type_3
0118_6,2,1,-230.37400788,-230.36266593,-230.24990301,Type_3
0118_7,2,1,-230.37482764,-230.37057817,-230.2700769,Type_2
0118_8,2,1,-230.32180491,-230.32115455,-230.23199399,Type_2
0119_10,2,1,-230.33261623,-230.32539494,-230.23948556,Type_3
0119_11,2,1,-230.34294434,-230.33980172,-230.2012417,Type_1
0119_3,2,1,-230.34767109,-230.34677825,-230.2628965,Type_3
0119_5,2,1,-230.35846405,-230.33746345,-230.2649682,Type_3
0119_6,2,1,-230.33692151,-230.32459509,-230.23964149,Type_3
0119_7,2,1,-230.34097652,-230.33665773,-230.25530381,Type_3
0119_8,2,1,-230.34705605,-230.33605669,-230.21819165,Type_2
0119_9,2,1,-230.33171486,-230.3260974,-230.19948279,Type_2
0120_3,2,1,-230.34255433,-230.34244855,-230.24163973,Type_3
0120_5,2,1,-230.35578997,-230.35065124,-230.25238432,Type_3
0120_6,2,1,-230.33313091,-230.32684772,-230.21871803,Type_3
0120_7,2,1,-230.33958502,-230.32130107,-230.19038175,Type_1
0120_8,2,1,-230.31911788,-230.3144344,-230.21773522,Type_3
0122_10,2,1,-230.34089294,-230.33630757,-230.21385675,Type_1
0122_11,2,1,-230.35836333,-230.35325236,-230.24102909,Type_1
0122_12,2,1,-230.33250973,-230.33219699,-230.21593966,Type_1
0122_5,2,1,-230.35124536,-230.34783232,-230.22573501,Type_1
0122_6,2,1,-230.3587244,-230.35397895,-230.21723687,Type_1
0122_7,2,1,-230.36458365,-230.35568615,-230.2547834,Type_1
0122_8,2,1,-230.36960598,-230.3641252,-230.26209158,Type_2
0122_9,2,1,-230.36710803,-230.36682727,-230.24328788,Type_1
0123_10,2,1,-230.33025112,-230.3185978,-230.19247876,Type_1
0123_11,2,1,-230.28615787,-230.28565011,-230.18513841,Type_1
0123_12,2,1,-230.31344202,-230.29664406,-230.20359928,Type_2
0123_13,2,1,-230.32086133,-230.31244297,-230.19619137,Type_2
0123_14,2,1,-230.32086207,-230.31760526,-230.21471283,Type_3
0123_15,2,1,-230.26738286,-230.26496359,-230.13753465,Type_1
0123_16,2,1,-230.3361668,-230.3349765,-230.2302517,Type_2
0123_4,2,1,-230.31875395,-230.30277302,-230.20494057,Type_3
0123_8,2,1,-230.3191661,-230.31414756,-230.21416348,Type_3
0123_9,2,1,-230.33536758,-230.3345194,-230.2377012,Type_3
0124_10,2,1,-230.34604229,-230.34517985,-230.23801174,Type_2
0124_11,2,1,-230.32501189,-230.32226295,-230.18663593,Type_1
0124_12,2,1,-230.3184164,-230.31401308,-230.20685304,Type_1
0124_13,2,1,-230.35764475,-230.34347554,-230.25003737,Type_3
0124_14,2,1,-230.33026442,-230.3220345,-230.21781847,Type_3
0124_3,2,1,-230.37367085,-230.35514213,-230.27002203,Type_3
0124_5,2,1,-230.36947483,-230.34768268,-230.25859386,Type_3
0124_6,2,1,-230.34346749,-230.33773223,-230.23008154,Type_3
0124_7,2,1,-230.348506,-230.34653086,-230.23682757,Type_2
0124_9,2,1,-230.32636135,-230.32220289,-230.24525999,Type_2
0126_10,2,1,-230.33556497,-230.32937118,-230.22442358,Type_2
0126_11,2,1,-230.34212916,-230.33479239,-230.23957376,0200_15
0126_12,2,1,-230.32719199,-230.32419785,-230.23051447,Type_2
0126_13,2,1,-230.34288989,-230.33558273,-230.23701055,Type_2
0126_14,2,1,-230.341859,-230.34166912,-230.233142,Type_1
0126_15,2,1,-230.36129012,-230.35977131,-230.24110055,Type_1
0126_16,2,1,-230.336459,-230.33441654,-230.22677815,Type_3
0126_17,2,1,-230.34592309,-230.34390951,-230.22304715,Type_1
0126_5,2,1,-230.37224877,-230.35679987,-230.25057029,Type_3
0126_7,2,1,-230.37960911,-230.37445152,-230.25293955,Type_1
0126_8,2,1,-230.36131083,-230.36054188,-230.24111871,Type_2
0126_9,2,1,-230.33575424,-230.32841211,-230.2099133,Type_1
0127_4,2,1,-230.36648506,-230.3633668,-230.25369516,Type_3
0127_5,2,1,-230.3523824,-230.34862572,-230.22806954,Type_1
0127_6,2,1,-230.36588257,-230.36032604,-230.23149488,Type_1
0127_7,2,1,-230.32907252,-230.32840094,-230.18642903,Type_1
0128_5,2,1,-230.33229667,-230.31987922,-230.2613904,Type_2
0128_6,2,1,-230.33241897,-230.32941237,-230.19816965,Type_2
0128_7,2,1,-230.3550045,-230.34270912,-230.22005815,Type_2
0128_8,2,1,-230.31705137,-230.30582898,-230.18210899,Type_2
0128_9,2,1,-230.33533899,-230.33231522,-230.21569298,Type_2
0129_4,2,1,-230.34813569,-230.34547321,-230.24056841,Type_3
0129_5,2,1,-230.37591909,-230.37015526,-230.27156534,Type_3
0129_6,2,1,-230.361574,-230.35426786,-230.24593199,Type_1
0130_5,2,1,-230.35655869,-230.35493845,-230.24099356,Type_3
0130_6,2,1,-230.36114122,-230.35926215,-230.25235471,Type_3
0130_7,2,1,-230.36638663,-230.3525704,-230.24766823,Type_2
0130_8,2,1,-230.33433659,-230.3290189,-230.20193558,Type_2
0130_9,2,1,-230.32699951,-230.32269182,-230.20260741,Type_1
0131_10,2,1,-230.3312708,-230.32852393,-230.21382127,Type_1
0131_11,2,1,-230.34940808,-230.34645674,-230.2071225,Type_1
0131_12,2,1,-230.3516896,-230.34237128,-230.22666138,Type_1
0131_13,2,1,-230.3609704,-230.35221814,-230.21345239,Type_1
0131_14,2,1,-230.35693733,-230.3524946,-230.24735224,Type_1
0131_15,2,1,-230.36269318,-230.35976972,-230.24964557,Type_2
0131_5,2,1,-230.34290677,-230.33400573,-230.22297134,Type_3
0131_7,2,1,-230.34853121,-230.34652943,-230.22868383,Type_3
0131_9,2,1,-230.34446304,-230.34217745,-230.23304521,Type_1
0132_5,2,1,-230.35277849,-230.35100644,-230.26670907,Type_2
0132_6,2,1,-230.34182111,-230.3389245,-230.1879585,Type_1
0132_7,2,1,-230.34944499,-230.34185352,-230.23792796,Type_2
0132_8,2,1,-230.33510815,-230.33185562,-230.18632265,Type_1
0132_9,2,1,-230.31994424,-230.31712522,-230.22191652,Type_2
0134_10,2,1,-230.37313095,-230.3645207,-230.27072499,Type_3
0134_11,2,1,-230.35983273,-230.35525158,-230.25078525,Type_3
0134_12,2,1,-230.35786067,-230.35284892,-230.22099727,Type_1
0134_13,2,1,-230.35042152,-230.34224302,-230.2262885,Type_3
0134_14,2,1,-230.34350724,-230.33989578,-230.22454449,Type_3
0134_15,2,1,-230.33970283,-230.33930104,-230.25599234,Type_2
0134_4,2,1,-230.35651137,-230.35515306,-230.24111225,Type_3
0134_5,2,1,-230.36510757,-230.36442325,-230.24876938,Type_2
0134_7,2,1,-230.37458082,-230.36041111,-230.26381351,Type_3
0135_10,2,1,-230.37550307,-230.36946928,-230.26388868,Type_2
0135_11,2,1,-230.35620431,-230.3513322,-230.24870415,Type_2
0135_12,2,1,-230.32554846,-230.31715391,-230.22007873,Type_2
0135_13,2,1,-230.34584048,-230.33211952,-230.23421533,Type_3
0135_14,2,1,-230.33867994,-230.33376903,-230.22417994,Type_1
0135_15,2,1,-230.31947131,-230.31769486,-230.2373996,Type_1
0135_16,2,1,-230.3484175,-230.34642713,-230.23440018,Type_2
0135_17,2,1,-230.31443365,-230.31314316,-230.20893657,Type_2
0135_3,2,1,-230.35647711,-230.34897089,-230.25162888,Type_3
0135_5,2,1,-230.3497912,-230.34546819,-230.2467063,Type_3
0135_7,2,1,-230.39327655,-230.37604136,-230.273983,Type_3
0135_8,2,1,-230.33310087,-230.3249822,-230.19890174,Type_2
0135_9,2,1,-230.33758231,-230.32991871,-230.21690886,Type_2
0137_10,2,1,-230.34408548,-230.33293731,-230.21459342,Type_1
0137_11,2,1,-230.35079629,-230.35037959,-230.23841169,Type_2
0137_4,2,1,-230.3625404,-230.34115763,-230.25318596,Type_3
0137_6,2,1,-230.36242934,-230.35591624,-230.2614829,Type_3
0137_7,2,1,-230.33565558,-230.33186873,-230.23113657,Type_3
0137_8,2,1,-230.3599514,-230.35850491,-230.26916486,Type_2
0137_9,2,1,-230.34234356,-230.34179982,-230.21916718,Type_2
0138_3,2,1,-230.35196889,-230.34483876,-230.2483352,Type_3
0138_4,2,1,-230.32965074,-230.32004158,-230.24535382,Type_3
0138_5,2,1,-230.363409,-230.3619421,-230.2538097,Type_1
0138_6,2,1,-230.3206976,-230.31645056,-230.21466738,Type_2
0139_10,2,1,-230.34089198,-230.3312615,-230.20766307,Type_1
0139_11,2,1,-230.35535499,-230.35275473,-230.21378336,Type_1
0139_12,2,1,-230.31378367,-230.3125119,-230.19087688,Type_1
0139_13,2,1,-230.35131209,-230.34936399,-230.24070414,Type_1
0139_14,2,1,-230.35705243,-230.35390602,-230.25435167,Type_1
0139_15,2,1,-230.36939544,-230.35864372,-230.26436092,Type_2
0139_16,2,1,-230.36405938,-230.3556174,-230.25590354,Type_3
0139_17,2,1,-230.34880719,-230.33730927,-230.22578505,Type_2
0139_18,2,1,-230.34860735,-230.34217898,-230.23044291,Type_2
0139_6,2,1,-230.34386409,-230.33939082,-230.21983044,Type_1
0139_7,2,1,-230.32965764,-230.32603696,-230.19996392,Type_1
0139_8,2,1,-230.34550861,-230.34285527,-230.26345183,Type_3
0139_9,2,1,-230.37640948,-230.37022573,-230.27726747,Type_3
0140_10,2,1,-230.33513231,-230.32960102,-230.22176154,Type_3
0140_11,2,1,-230.3490696,-230.34872428,-230.24677989,Type_3
0140_12,2,1,-230.34204147,-230.34119579,-230.25248398,Type_2
0140_13,2,1,-230.34790563,-230.34066459,-230.21921591,Type_2
0140_14,2,1,-230.34940602,-230.34811756,-230.22682656,Type_1
0140_15,2,1,-230.33986569,-230.33325971,-230.21776918,Type_1
0140_16,2,1,-230.36240524,-230.35914585,-230.24021543,Type_1
0140_3,2,1,-230.36929893,-230.35618655,-230.25397146,Type_3
0140_4,2,1,-230.37657717,-230.36278174,-230.26695654,Type_3
0140_7,2,1,-230.34740749,-230.33891634,-230.23640631,Type_3
0140_8,2,1,-230.34348896,-230.32713021,-230.21748532,Type_3
0141_10,2,1,-230.34391597,-230.33966192,-230.22341264,Type_1
0141_11,2,1,-230.36307348,-230.35505801,-230.22116084,Type_1
0141_12,2,1,-230.38168395,-230.38089219,-230.23282131,Type_1
0141_3,2,1,-230.34833932,-230.33913559,-230.22718556,Type_2
0141_6,2,1,-230.34323607,-230.34266398,-230.24648226,Type_2
0141_7,2,1,-230.36117695,-230.35830128,-230.24963081,Type_2
0141_9,2,1,-230.36341311,-230.36238379,-230.25529679,Type_2
0142_10,2,1,-230.37259184,-230.35431613,-230.24473325,Type_3
0142_11,2,1,-230.36064568,-230.34553049,-230.23874259,Type_3
0142_12,2,1,-230.36244446,-230.3515913,-230.24447254,Type_3
0142_13,2,1,-230.35632521,-230.34723502,-230.24560793,Type_3
0142_14,2,1,-230.36184896,-230.34976134,-230.24918529,Type_3
0142_15,2,1,-230.36103352,-230.35963698,-230.22232002,Type_1
0142_16,2,1,-230.33395274,-230.32759632,-230.23777013,Type_3
0142_17,2,1,-230.35136644,-230.34982102,-230.25191447,Type_2
0142_18,2,1,-230.35328882,-230.35088429,-230.24914736,Type_1
0142_19,2,1,-230.3298787,-230.32674552,-230.23872533,Type_1
0142_3,2,1,-230.3468725,-230.34218151,-230.22904806,Type_3
0142_5,2,1,-230.36766214,-230.35112262,-230.26772155,Type_3
0143_10,2,1,-230.33257039,-230.32856813,-230.22505898,Type_2
0143_11,2,1,-230.32576194,-230.32063014,-230.23328352,Type_2
0143_12,2,1,-230.34303696,-230.34256315,-230.23910397,Type_2
0143_6,2,1,-230.33686242,-230.33455296,-230.24462225,Type_2
0143_7,2,1,-230.33177048,-230.32833596,-230.20470691,Type_2
0143_8,2,1,-230.32707124,-230.3258751,-230.22259287,Type_2
0143_9,2,1,-230.33743575,-230.33607589,-230.22268187,Type_2
0144_10,2,1,-230.34825733,-230.34562118,-230.24780588,Type_2
0144_12,2,1,-230.35386049,-230.34739862,-230.22714182,Type_1
0144_13,2,1,-230.36591492,-230.3641267,-230.25268372,Type_1
0144_3,2,1,-230.36543305,-230.35983192,-230.25374239,Type_3
0144_4,2,1,-230.35267658,-230.34651441,-230.22179126,Type_2
0144_8,2,1,-230.35070762,-230.34873714,-230.23811919,Type_3
0144_9,2,1,-230.36428657,-230.35881087,-230.26697772,Type_3
0146_11,2,1,-230.33777373,-230.32086837,-230.2259165,Type_3
0146_12,2,1,-230.35173076,-230.34608902,-230.2206506,Type_3
0146_13,2,1,-230.33696185,-230.329192,-230.21092458,Double_H
0146_14,2,1,-230.34584365,-230.34097588,-230.25189418,Type_1
0146_15,2,1,-230.33287436,-230.32974837,-230.21141475,Type_2
0146_16,2,1,-230.36336048,-230.36145095,-230.2405818,Type_2
0146_17,2,1,-230.33693984,-230.33018159,-230.20975592,Type_1
0146_18,2,1,-230.36581656,-230.36123854,-230.23933504,Type_1
0146_3,2,1,-230.36313197,-230.35293088,-230.25327369,Type_3
0146_5,2,1,-230.35491092,-230.34671332,-230.23831949,Type_3
0146_7,2,1,-230.37424533,-230.37343295,-230.27352515,Type_3
0146_9,2,1,-230.32804347,-230.3199552,-230.22372753,Type_3
0147_4,2,1,-230.3336196,-230.33221979,-230.20793933,Type_3
0147_5,2,1,-230.367733,-230.36458949,-230.2650051,Type_1
0147_6,2,1,-230.3622304,-230.35713133,-230.23408664,Type_2
0147_7,2,1,-230.34051919,-230.33499866,-230.21604079,Type_3
0148_10,2,1,-230.34742971,-230.3381971,-230.20991121,Type_1
0148_11,2,1,-230.32766625,-230.32212794,-230.20409474,Type_1
0148_12,2,1,-230.37186761,-230.36446412,-230.27314044,Type_1
0148_13,2,1,-230.3466651,-230.34505665,-230.23315616,Type_1
0148_14,2,1,-230.34391529,-230.34360408,-230.22281931,Type_1
0148_15,2,1,-230.35205522,-230.34325008,-230.24847901,Type_3
0148_16,2,1,-230.35171906,-230.34139085,-230.24597599,Type_3
0148_17,2,1,-230.34658586,-230.34563451,-230.21080716,Type_1
0148_3,2,1,-230.37246804,-230.35765504,-230.2700767,Type_3
0148_5,2,1,-230.35551582,-230.35163479,-230.24081942,Type_3
0148_7,2,1,-230.36316672,-230.34668078,-230.24424496,Type_3
0149_11,2,1,-230.35425724,-230.3515418,-230.26236096,Type_3
0149_12,2,1,-230.3307689,-230.33041833,-230.23013581,Type_3
0149_13,2,1,-230.36619877,-230.35495768,-230.25743059,Type_1
0149_14,2,1,-230.32092803,-230.31768448,-230.2135947,Type_1
0149_15,2,1,-230.3497535,-230.34778937,-230.21941363,Type_2
0149_16,2,1,-230.33767305,-230.33265574,-230.21940776,Type_2
0149_3,2,1,-230.33830708,-230.33095927,-230.20838381,Type_1
0149_6,2,1,-230.32636152,-230.31454731,-230.23448452,Type_2
0149_9,2,1,-230.35089572,-230.34947043,-230.24166761,Type_2
0150_10,2,1,-230.36524291,-230.35462188,-230.22907231,Type_1
0150_11,2,1,-230.36986409,-230.36193594,-230.24198759,Type_1
0150_12,2,1,-230.34097152,-230.33362736,-230.20197374,Type_1
0150_13,2,1,-230.3407325,-230.33295797,-230.20667384,Type_2
0150_14,2,1,-230.34715603,-230.34550846,-230.23277965,Type_2
0150_15,2,1,-230.31601569,-230.31201868,-230.20344007,0200_15
0150_3,2,1,-230.34767812,-230.34267322,-230.2340447,Type_2
0150_7,2,1,-230.36151998,-230.35174289,-230.23176208,Type_2
0150_8,2,1,-230.33432177,-230.33151588,-230.21677838,Type_2
0150_9,2,1,-230.31748776,-230.30961329,-230.19415658,Type_2
0151_10,2,1,-230.35816047,-230.35446827,-230.24576442,Type_3
0151_11,2,1,-230.36206181,-230.35600632,-230.23288753,Type_2
0151_12,2,1,-230.34840032,-230.34650789,-230.23713311,Type_1
0151_13,2,1,-230.35601141,-230.35529923,-230.23534763,Type_1
0151_14,2,1,-230.32504239,-230.31999368,-230.2135206,Type_1
0151_15,2,1,-230.34254413,-230.33658851,-230.23349197,Type_1
0151_6,2,1,-230.33369429,-230.33230542,-230.20398467,Type_2
0151_7,2,1,-230.3722899,-230.37026783,-230.25449076,Type_2
0151_9,2,1,-230.32828637,-230.3270365,-230.20743767,Type_1
0152_10,2,1,-230.32469639,-230.32279028,-230.19672804,Type_1
0152_5,2,1,-230.32523477,-230.32230223,-230.19542861,Type_3
0152_6,2,1,-230.34988217,-230.34385215,-230.2066259,Type_1
0152_8,2,1,-230.33421173,-230.32925264,-230.2245772,Type_2
0152_9,2,1,-230.33309929,-230.33190007,-230.20432061,Type_1
0153_11,2,1,-230.34714757,-230.34172403,-230.23545953,Type_3
0153_12,2,1,-230.35097477,-230.34821823,-230.24404698,Type_3
0153_13,2,1,-230.36330986,-230.35280281,-230.21028329,Type_1
0153_14,2,1,-230.3363128,-230.32764063,-230.21432857,Type_2
0153_15,2,1,-230.32086857,-230.32077366,-230.20911404,Type_2
0153_16,2,1,-230.33698499,-230.33251382,-230.22838152,Type_1
0153_17,2,1,-230.34440482,-230.34374785,-230.23432848,Type_2
0153_18,2,1,-230.33314104,-230.33024892,-230.22243623,Type_2
0153_20,2,1,-230.35377843,-230.3527885,-230.24105985,Type_1
0153_21,2,1,-230.34058884,-230.33978311,-230.25059285,Type_3
0153_22,2,1,-230.35876737,-230.35657168,-230.22417686,Type_1
0153_23,2,1,-230.33759522,-230.33016101,-230.22131017,Type_2
0153_24,2,1,-230.35452247,-230.34351706,-230.23025314,Type_1
0153_25,2,1,-230.29660086,-230.29373512,-230.21356441,Type_1
0154_10,2,1,-230.32653777,-230.32452283,-230.21517868,Type_2
0154_12,2,1,-230.29862022,-230.29189692,-230.20287654,Type_1
0154_13,2,1,-230.33345116,-230.33179354,-230.22244775,Type_3
0154_5,2,1,-230.32427286,-230.32267068,-230.2044372,Type_2
0154_7,2,1,-230.3398596,-230.33741748,-230.21551881,Type_2
0154_9,2,1,-230.29783908,-230.29373922,-230.18610112,Type_2
0155_10,2,1,-230.32994253,-230.31807419,-230.24018793,Type_3
0155_15,2,1,-230.32951483,-230.32329768,-230.20727219,Type_3
0155_16,2,1,-230.31636436,-230.31420807,-230.21640007,Type_3
0155_17,2,1,-230.30950743,-230.30784388,-230.1842572,Type_3
0155_18,2,1,-230.34433699,-230.34229327,-230.23853166,Type_3
0155_19,2,1,-230.34533178,-230.34137976,-230.20978421,Type_1
0155_20,2,1,-230.34818252,-230.3388019,-230.24986854,Type_1
0155_21,2,1,-230.31840985,-230.31163467,-230.22115133,Type_1
0155_22,2,1,-230.32037914,-230.31614537,-230.22675189,Type_2
0155_23,2,1,-230.31713105,-230.31647729,-230.20794804,Type_1
0155_24,2,1,-230.33791805,-230.33592696,-230.21073885,Type_1
0155_3,2,1,-230.36569114,-230.34017867,-230.24624956,Type_3
0155_5,2,1,-230.37527119,-230.36248947,-230.27250185,Type_3
0156_10,2,1,-230.37266053,-230.36503896,-230.26122572,Type_2
0156_11,2,1,-230.35675041,-230.3537716,-230.26545124,Type_2
0156_12,2,1,-230.37527416,-230.3654587,-230.24969248,Type_1
0156_13,2,1,-230.36594524,-230.36440463,-230.2308458,Type_1
0156_4,2,1,-230.38335173,-230.37000601,-230.23456228,Type_1
0156_5,2,1,-230.37809195,-230.37171783,-230.21288152,Type_1
0156_6,2,1,-230.36454768,-230.35806905,-230.20346848,Type_1
0156_7,2,1,-230.37096369,-230.35995662,-230.23236284,Type_1
0156_8,2,1,-230.34138896,-230.33466047,-230.22139736,Type_1
0156_9,2,1,-230.37060714,-230.36988107,-230.23888957,Type_1
0157_10,2,1,-230.36310422,-230.36021083,-230.24374126,Type_3
0157_11,2,1,-230.36825966,-230.35297654,-230.23982443,Type_3
0157_12,2,1,-230.34389468,-230.33613288,-230.2100761,Type_3
0157_15,2,1,-230.32850205,-230.32116269,-230.21995384,Type_3
0157_16,2,1,-230.35553988,-230.3481856,-230.22173335,Type_1
0157_17,2,1,-230.3409174,-230.33932084,-230.24581847,Type_3
0157_19,2,1,-230.36939969,-230.34861142,-230.25062615,Type_3
0157_20,2,1,-230.36811042,-230.35871321,-230.26927218,Type_3
0157_21,2,1,-230.32468369,-230.31857807,-230.21758667,Type_1
0157_22,2,1,-230.34705501,-230.34622078,-230.23667408,Type_1
0157_23,2,1,-230.37138377,-230.36370295,-230.26387212,Type_3
0157_24,2,1,-230.35654475,-230.34972089,-230.22783532,Type_2
0157_3,2,1,-230.3524026,-230.33912549,-230.22175506,Type_3
0157_5,2,1,-230.35341973,-230.35313982,-230.25552135,Type_3
0157_9,2,1,-230.35700288,-230.35303379,-230.26741777,Type_3
0158_10,2,1,-230.33587726,-230.32161138,-230.24865472,Type_3
0158_11,2,1,-230.34374035,-230.33495294,-230.25627225,Type_3
0158_5,2,1,-230.33862831,-230.33135964,-230.23758994,Type_3
0158_6,2,1,-230.31050016,-230.30939511,-230.21973346,Type_3
0158_7,2,1,-230.35004565,-230.34191183,-230.23125005,Type_3
0158_8,2,1,-230.34725735,-230.33362706,-230.23456236,Type_3
0158_9,2,1,-230.35462829,-230.34230879,-230.23205977,Type_3
0159_5,2,1,-230.32469705,-230.32130245,-230.20399986,Type_2
0159_6,2,1,-230.35694802,-230.35260548,-230.24964044,Type_2
0159_7,2,1,-230.34859432,-230.33888275,-230.22764931,Type_2
0159_8,2,1,-230.35417172,-230.35261974,-230.22171213,Type_2
0160_10,2,1,-230.38373111,-230.37719987,-230.27954853,Type_2
0160_11,2,1,-230.35562996,-230.35177471,-230.27281371,Type_1
0160_12,2,1,-230.34894753,-230.34307456,-230.23379679,Type_2
0160_13,2,1,-230.34328534,-230.34200665,-230.224193,Type_2
0160_14,2,1,-230.34909585,-230.34225839,-230.21253614,Type_1
0160_15,2,1,-230.3596793,-230.35542216,-230.21853497,Type_1
0160_16,2,1,-230.34182062,-230.33833719,-230.19655798,Type_1
0160_17,2,1,-230.33254935,-230.33009102,-230.20573707,Type_1
0160_4,2,1,-230.3827253,-230.36316096,-230.29789713,Type_2
0160_5,2,1,-230.36078078,-230.3605287,-230.23787984,Type_1
0160_9,2,1,-230.37138292,-230.36231097,-230.24104236,Type_2
0161_4,2,1,-230.36199074,-230.36018754,-230.27400052,Type_2
0161_5,2,1,-230.32908534,-230.32466977,-230.20177289,Type_2
0161_6,2,1,-230.3345235,-230.33197362,-230.24912936,Type_3
0161_7,2,1,-230.34702638,-230.34565006,-230.26466055,Type_3
0162_10,2,1,-230.29502015,-230.29002829,-230.16074492,Type_1
0162_5,2,1,-230.30320771,-230.29274585,-230.16077653,Type_1
0162_6,2,1,-230.33679985,-230.32925817,-230.20935039,Type_1
0162_7,2,1,-230.27424188,-230.26766889,-230.18610116,Type_3
0162_8,2,1,-230.27932696,-230.26834268,-230.18015149,Type_3
0162_9,2,1,-230.30673574,-230.3058766,-230.17306448,Type_1
0163_10,2,1,-230.32522336,-230.32396114,-230.23666535,Type_2
0163_3,2,1,-230.35190178,-230.34549534,-230.22929483,Type_3
0163_4,2,1,-230.36654569,-230.36071513,-230.25071301,Type_3
0163_5,2,1,-230.36764471,-230.3578804,-230.24977196,Type_2
0163_6,2,1,-230.37393329,-230.36882863,-230.27418732,Type_2
0163_7,2,1,-230.35049783,-230.33766209,-230.26358519,Type_2
0163_8,2,1,-230.34109629,-230.33462133,-230.20571309,Type_2
0163_9,2,1,-230.3660638,-230.35998771,-230.27476082,Type_2
0164_10,2,1,-230.3169194,-230.31633169,-230.19347719,Type_1
0164_4,2,1,-230.34588761,-230.33350507,-230.23541432,Type_2
0164_6,2,1,-230.3531265,-230.34985636,-230.25294787,Type_2
0164_7,2,1,-230.34907248,-230.34096586,-230.22429728,Type_2
0164_8,2,1,-230.30855229,-230.30575065,-230.20164164,Type_2
0164_9,2,1,-230.35203321,-230.34300996,-230.25985376,Type_2
0165_4,2,1,-230.3268592,-230.32651326,-230.23336709,Type_2
0165_5,2,1,-230.35629156,-230.35476368,-230.25100712,Type_2
0165_6,2,1,-230.36561159,-230.3525882,-230.23664645,Type_2
0165_7,2,1,-230.33221294,-230.32960662,-230.21818715,Type_1
0166_10,2,1,-230.34463183,-230.33397286,-230.19859567,Type_1
0166_11,2,1,-230.36667935,-230.35879909,-230.2243902,Type_1
0166_12,2,1,-230.35950583,-230.35614487,-230.22583917,Type_1
0166_13,2,1,-230.33504651,-230.33115933,-230.23181222,Type_1
0166_14,2,1,-230.35666259,-230.35041157,-230.23382795,Type_1
0166_15,2,1,-230.34754438,-230.34613686,-230.21105679,Type_1
0166_5,2,1,-230.38503334,-230.37030927,-230.2844483,Type_3
0166_6,2,1,-230.3529099,-230.35228869,-230.26145323,Type_3
0166_7,2,1,-230.35310698,-230.34607256,-230.23429009,Type_1
0166_8,2,1,-230.35423538,-230.34541346,-230.23903197,Type_1
0166_9,2,1,-230.36107522,-230.35606008,-230.24447641,Type_2
0167_4,2,1,-230.36856264,-230.36673505,-230.28241422,Type_3
0167_5,2,1,-230.35440513,-230.34682969,-230.25359648,Type_3
0167_7,2,1,-230.37382386,-230.37179945,-230.25561002,Type_3
0167_8,2,1,-230.36477143,-230.36422658,-230.23699045,Type_2
0168_3,2,1,-230.32479299,-230.32044541,-230.219397,Type_2
0168_4,2,1,-230.36689451,-230.36521272,-230.25268597,Type_2
0168_6,2,1,-230.33351202,-230.33281659,-230.19033046,Type_1
0168_7,2,1,-230.33178292,-230.33086538,-230.19200266,Type_1
0169_10,2,1,-230.34584825,-230.34290478,-230.23039725,Type_2
0169_11,2,1,-230.32810545,-230.3186556,-230.19813035,Type_2
0169_12,2,1,-230.34278687,-230.33928765,-230.22519933,Type_2
0169_13,2,1,-230.3580068,-230.34903076,-230.26697158,Type_3
0169_3,2,1,-230.37559678,-230.35276556,-230.24860778,Type_3
0169_5,2,1,-230.3540937,-230.34626998,-230.26336697,Type_3
0169_8,2,1,-230.33357923,-230.32351321,-230.24424187,Type_3
0169_9,2,1,-230.35249842,-230.34858342,-230.25029957,Type_3
0170_4,2,1,-230.35768473,-230.35620199,-230.26429864,Type_3
0170_7,2,1,-230.32706572,-230.32505132,-230.22935033,Type_2
0170_8,2,1,-230.34578214,-230.34560633,-230.23859727,Type_2
0170_9,2,1,-230.33099163,-230.33026511,-230.23987463,Type_3
0171_10,2,1,-230.35140952,-230.34866069,-230.22368479,Type_2
0171_11,2,1,-230.33391178,-230.32987506,-230.20161336,Type_2
0171_12,2,1,-230.3167928,-230.31597471,-230.22135444,Type_2
0171_13,2,1,-230.33246821,-230.32484309,-230.20209777,Type_2
0171_14,2,1,-230.34585635,-230.34091192,-230.21155636,Type_2
0171_15,2,1,-230.3277573,-230.32750624,-230.23680013,Type_2
0171_16,2,1,-230.34028005,-230.33907521,-230.22834273,Type_2
0171_17,2,1,-230.34921223,-230.3490044,-230.23929669,Type_2
0171_6,2,1,-230.36072306,-230.35191191,-230.26311486,Type_2
0171_8,2,1,-230.32487102,-230.3241089,-230.21100592,Type_2
0172_5,2,1,-230.34595161,-230.34252995,-230.21851403,Type_3
0172_6,2,1,-230.32973428,-230.32230964,-230.20079394,Type_3
0172_7,2,1,-230.32227632,-230.32119883,-230.19676393,Type_1
0172_8,2,1,-230.32565823,-230.32170707,-230.22387179,Type_2
0172_9,2,1,-230.3053728,-230.30298158,-230.18800535,Type_2
0173_13,2,1,-230.34905762,-230.34443597,-230.22767993,Type_1
0173_14,2,1,-230.36022093,-230.35168847,-230.23532266,Type_1
0173_15,2,1,-230.36462944,-230.36256565,-230.26642206,Type_3
0173_16,2,1,-230.35768763,-230.35524029,-230.25303674,Type_1
0173_3,2,1,-230.37070199,-230.34769191,-230.23706799,Type_3
0173_6,2,1,-230.37927411,-230.3570166,-230.27316501,Type_3
0173_7,2,1,-230.37694351,-230.36612858,-230.24330121,Type_3
0173_8,2,1,-230.37944415,-230.36185035,-230.2519678,Type_3
0173_9,2,1,-230.34765509,-230.34660801,-230.22920915,Type_3
0174_10,2,1,-230.35441047,-230.34368665,-230.22840364,Type_2
0174_11,2,1,-230.38604853,-230.3718684,-230.26272206,Type_2
0174_12,2,1,-230.34261745,-230.33232888,-230.22340375,Type_2
0174_13,2,1,-230.35849578,-230.35427847,-230.23830328,Type_2
0174_5,2,1,-230.35895971,-230.34764875,-230.23228719,Type_3
0174_6,2,1,-230.35739876,-230.34542891,-230.26940153,Type_2
0174_7,2,1,-230.36292529,-230.36194197,-230.24062503,Type_3
0174_8,2,1,-230.33602443,-230.33273886,-230.23846172,Type_2
0174_9,2,1,-230.3659532,-230.35657332,-230.24950607,Type_1
0175_10,2,1,-230.32977703,-230.31793937,-230.22773296,Type_3
0175_11,2,1,-230.3593494,-230.35687968,-230.24344251,Type_3
0175_12,2,1,-230.35274321,-230.35087213,-230.24508502,Type_3
0175_13,2,1,-230.36582985,-230.35095888,-230.25043398,Type_2
0175_14,2,1,-230.34162511,-230.33557844,-230.25519412,Type_3
0175_15,2,1,-230.33019966,-230.32614856,-230.25870411,Type_3
0175_16,2,1,-230.34335391,-230.34251526,-230.22317841,Type_2
0175_4,2,1,-230.35489359,-230.34515905,-230.2684485,Type_3
0175_5,2,1,-230.36278885,-230.35145448,-230.25708993,Type_3
0175_8,2,1,-230.35894227,-230.35207827,-230.26914728,Type_3
0175_9,2,1,-230.33873713,-230.33468332,-230.23882912,Type_3
0176_11,2,1,-230.31971783,-230.31771338,-230.21080378,Type_2
0176_12,2,1,-230.35418749,-230.34777104,-230.21499532,Type_1
0176_13,2,1,-230.34867809,-230.34615636,-230.22387103,Type_1
0176_14,2,1,-230.34325443,-230.34293355,-230.2402711,Type_1
0176_15,2,1,-230.35228524,-230.35115804,-230.2545191,Type_1
0176_16,2,1,-230.34195555,-230.3330354,-230.2245019,Type_1
0176_17,2,1,-230.35584759,-230.35544039,-230.24060877,Type_1
0176_3,2,1,-230.37716599,-230.36106006,-230.26295737,Type_2
0176_4,2,1,-230.36155115,-230.35670753,-230.24023087,Type_2
0176_5,2,1,-230.38943365,-230.37230008,-230.25501258,Type_2
0176_9,2,1,-230.35015553,-230.3470903,-230.24561885,Type_3
0177_10,2,1,-230.31979512,-230.31971362,-230.23280171,Type_3
0177_11,2,1,-230.36107132,-230.36051494,-230.27872068,Type_3
0177_12,2,1,-230.3536339,-230.34260591,-230.24858571,Type_2
0177_13,2,1,-230.31412194,-230.30816621,-230.20203824,Type_2
0177_14,2,1,-230.33497766,-230.33026078,-230.22347192,Type_3
0177_15,2,1,-230.34931081,-230.34638328,-230.22020817,Type_2
0177_16,2,1,-230.32563538,-230.32354353,-230.24167258,Type_2
0177_17,2,1,-230.31210694,-230.31101982,-230.18905632,Type_2
0177_5,2,1,-230.35885471,-230.34967232,-230.27100288,Type_2
0177_7,2,1,-230.35132678,-230.35114421,-230.23845006,Type_3
0177_9,2,1,-230.31658045,-230.3082958,-230.22097272,Type_3
0178_10,2,1,-230.34274655,-230.33423366,-230.22260984,Type_2
0178_11,2,1,-230.34402615,-230.33240724,-230.22964324,Type_2
0178_12,2,1,-230.3472907,-230.33993646,-230.2386654,Type_3
0178_5,2,1,-230.34373912,-230.33594603,-230.24819933,Type_3
0178_6,2,1,-230.34981711,-230.34486403,-230.24946054,Type_3
0178_8,2,1,-230.34330962,-230.34000756,-230.24184286,Type_3
0178_9,2,1,-230.3491048,-230.34611514,-230.23108923,Type_2
0180_10,2,1,-230.31847719,-230.30927969,-230.21223464,Type_3
0180_11,2,1,-230.3007606,-230.29618629,-230.19604137,Type_3
0180_12,2,1,-230.36347327,-230.35794353,-230.24625384,Type_2
0180_13,2,1,-230.32662301,-230.31998919,-230.22941106,Type_2
0180_14,2,1,-230.34073424,-230.33617301,-230.22457675,Type_2
0180_3,2,1,-230.34595621,-230.34155604,-230.24297747,Type_3
0180_5,2,1,-230.37646106,-230.35596752,-230.28450274,Type_3
0180_8,2,1,-230.35038383,-230.34793076,-230.22170576,Type_2
0180_9,2,1,-230.34283447,-230.33409936,-230.21067167,Type_3
0181_3,2,1,-230.34224721,-230.33757917,-230.22897246,Type_3
0181_5,2,1,-230.3210798,-230.31304186,-230.22219145,Type_3
0181_6,2,1,-230.32701817,-230.3248173,-230.2276994,Type_3
0181_7,2,1,-230.31868257,-230.31131613,-230.1944056,Type_1
0181_8,2,1,-230.34123497,-230.3410971,-230.22349526,Type_1
0181_9,2,1,-230.34777296,-230.34521354,-230.21582421,Type_1
0182_4,2,1,-230.36980908,-230.36716918,-230.26052955,Type_3
0182_6,2,1,-230.35622077,-230.35495691,-230.22661977,Type_3
0182_7,2,1,-230.35260869,-230.3516957,-230.2503976,Type_2
0183_10,2,1,-230.34999675,-230.34571191,-230.2473993,Type_3
0183_4,2,1,-230.35499983,-230.35443913,-230.24652489,Type_2
0183_5,2,1,-230.34502268,-230.34166442,-230.2338171,Type_2
0183_7,2,1,-230.35415054,-230.34927841,-230.22382411,Type_2
0183_8,2,1,-230.3364983,-230.33041305,-230.2220599,Type_2
0183_9,2,1,-230.34594116,-230.34550637,-230.21411481,Type_2
0184_3,2,1,-230.33673565,-230.33383291,-230.23123558,Type_3
0184_5,2,1,-230.37298505,-230.35243314,-230.25892799,Type_3
0184_6,2,1,-230.36261276,-230.35940723,-230.26626431,Type_3
0184_7,2,1,-230.30646015,-230.30404064,-230.21322385,Type_3
0185_10,2,1,-230.37396399,-230.36261538,-230.24901727,Type_2
0185_11,2,1,-230.37729353,-230.36677162,-230.27116126,Type_2
0185_12,2,1,-230.36977275,-230.35875759,-230.251048,Type_2
0185_13,2,1,-230.36160898,-230.35429835,-230.25003635,Type_2
0185_14,2,1,-230.36441665,-230.35939749,-230.25268157,Type_2
0185_15,2,1,-230.35987843,-230.35696824,-230.25088604,Type_2
0185_16,2,1,-230.34489815,-230.34231132,-230.25405205,Type_3
0185_5,2,1,-230.3650849,-230.3617927,-230.25393089,Type_3
0185_6,2,1,-230.34194968,-230.33748362,-230.21651009,Type_3
0185_8,2,1,-230.36373006,-230.35801986,-230.26595758,Type_3
0185_9,2,1,-230.37280702,-230.36959537,-230.25950606,Type_3
0186_11,2,1,-230.32306569,-230.31550693,-230.22722321,Type_3
0186_12,2,1,-230.33733364,-230.33715564,-230.25838325,Type_1
0186_13,2,1,-230.33721018,-230.33502647,-230.20827909,Type_3
0186_14,2,1,-230.33922551,-230.33854994,-230.20851122,Type_1
0186_15,2,1,-230.32259942,-230.31648947,-230.20622241,Type_2
0186_5,2,1,-230.36057349,-230.35949755,-230.27937279,Type_3
0186_6,2,1,-230.36459035,-230.35380981,-230.2615331,Type_3
0186_8,2,1,-230.35120673,-230.32769261,-230.23174711,Type_3
0187_10,2,1,-230.3131756,-230.31238978,-230.2008896,Type_3
0187_11,2,1,-230.36305055,-230.34799487,-230.25014947,Type_2
0187_12,2,1,-230.30670591,-230.29880949,-230.18170345,Type_1
0187_3,2,1,-230.3576071,-230.33331276,-230.24258983,Type_3
0187_5,2,1,-230.33896531,-230.32952024,-230.21750595,Type_3
0187_7,2,1,-230.34428185,-230.33894369,-230.21716917,Type_3
0187_8,2,1,-230.32677228,-230.32046554,-230.23046738,Type_3
0187_9,2,1,-230.30420128,-230.29991886,-230.17942274,Type_1
0188_11,2,1,-230.38052974,-230.3656582,-230.2654362,Type_3
0188_12,2,1,-230.36149757,-230.36006243,-230.26102092,Type_3
0188_13,2,1,-230.33443284,-230.3328431,-230.22412237,Type_2
0188_14,2,1,-230.36622443,-230.35682632,-230.26678095,Type_3
0188_15,2,1,-230.34727257,-230.34279935,-230.22223961,Type_1
0188_7,2,1,-230.35111579,-230.34797326,-230.26404735,0200_15
0188_8,2,1,-230.34297866,-230.34235502,-230.2403215,Type_2
0189_10,2,1,-230.32689201,-230.31929642,-230.22303538,Type_2
0189_11,2,1,-230.33407021,-230.33234423,-230.23690259,Type_2
0189_12,2,1,-230.32468641,-230.32032917,-230.2051652,Type_1
0189_13,2,1,-230.34768153,-230.34631725,-230.22469412,Type_1
0189_4,2,1,-230.34291568,-230.33192001,-230.24654608,Type_2
0189_6,2,1,-230.34117613,-230.33579854,-230.21733118,Type_2
0189_8,2,1,-230.35084109,-230.34661246,-230.21863858,Type_2
0189_9,2,1,-230.33308523,-230.3307831,-230.22656253,Type_2
0190_10,2,1,-230.36111823,-230.35589745,-230.21967896,Type_1
0190_4,2,1,-230.35603074,-230.35360824,-230.23750396,Type_2
0190_5,2,1,-230.35929176,-230.34943369,-230.22578473,Type_2
0190_6,2,1,-230.35834035,-230.3529714,-230.2317043,Type_2
0190_7,2,1,-230.35258451,-230.34841484,-230.2378534,Type_2
0190_9,2,1,-230.35728145,-230.35252126,-230.22755255,Type_2
0191_10,2,1,-230.34986944,-230.34849609,-230.2486656,Type_1
0191_11,2,1,-230.34788891,-230.34295455,-230.21267765,Type_1
0191_12,2,1,-230.36174429,-230.35851469,-230.24687609,Type_1
0191_4,2,1,-230.39007961,-230.36437784,-230.26404432,Type_3
0191_5,2,1,-230.3529849,-230.35004474,-230.24494504,Type_3
0191_8,2,1,-230.36907889,-230.35423516,-230.25950446,Type_3
0191_9,2,1,-230.34054927,-230.33697642,-230.23586452,Type_3
0192_10,2,1,-230.37620187,-230.36444056,-230.24623308,Type_1
0192_6,2,1,-230.3665653,-230.36567806,-230.2530974,Type_2
0192_7,2,1,-230.37449917,-230.37275793,-230.22481057,Type_1
0192_8,2,1,-230.36516652,-230.35969239,-230.22171766,Type_1
0192_9,2,1,-230.36063087,-230.3560521,-230.23677445,Type_1
0193_10,2,1,-230.37407719,-230.35835988,-230.25624058,Type_1
0193_12,2,1,-230.31984317,-230.31656082,-230.16886618,Type_1
0193_15,2,1,-230.33998023,-230.33712761,-230.22268469,Type_3
0193_16,2,1,-230.34051066,-230.33680829,-230.26287071,Type_2
0193_17,2,1,-230.33238462,-230.32365627,-230.23913942,Type_2
0193_18,2,1,-230.29997447,-230.29957014,-230.20632116,Type_2
0193_19,2,1,-230.35136695,-230.33330543,-230.24248812,Type_3
0193_20,2,1,-230.31314959,-230.30552197,-230.2128358,Type_2
0193_21,2,1,-230.32130606,-230.31817115,-230.18718389,Type_2
0193_22,2,1,-230.31924041,-230.31276687,-230.2218779,Type_2
0193_23,2,1,-230.31314688,-230.31281309,-230.23589695,Type_1
0193_24,2,1,-230.32517264,-230.32467698,-230.22888727,Type_1
0193_25,2,1,-230.3345606,-230.33451556,-230.21356504,Type_1
0193_3,2,1,-230.3547318,-230.34980216,-230.26002383,Type_3
0193_4,2,1,-230.35514649,-230.34460554,-230.27445573,Type_3
0193_6,2,1,-230.31174464,-230.30604641,-230.22766905,Type_1
0193_7,2,1,-230.36072494,-230.34745058,-230.23194932,Type_3
0194_10,2,1,-230.3358392,-230.33355337,-230.21252848,Type_2
0194_11,2,1,-230.34877886,-230.34663205,-230.22999413,Type_2
0194_12,2,1,-230.363547,-230.35417765,-230.25519606,Type_3
0194_13,2,1,-230.37302506,-230.3681331,-230.26524303,Type_3
0194_14,2,1,-230.36232271,-230.36169991,-230.25346723,Type_3
0194_15,1,2,-230.35967752,-230.34814405,-230.26740282,Type_3
0194_16,2,1,-230.36337102,-230.35994279,-230.25860289,Type_3
0194_4,2,1,-230.3985748,-230.37795246,-230.2740622,Type_3
0194_6,2,1,-230.38473101,-230.36973241,-230.29470787,Type_3
0194_7,2,1,-230.36231136,-230.35788136,-230.26814847,Type_3
0194_8,2,1,-230.38233249,-230.3670403,-230.27429189,Type_3
0194_9,2,1,-230.36375093,-230.35244135,-230.25474087,Type_3
0196_3,2,1,-230.34702126,-230.34433841,-230.22588506,Type_2
0196_4,2,1,-230.3421031,-230.34115815,-230.2147059,Type_2
0196_7,2,1,-230.32210186,-230.32105423,-230.2310404,Type_3
0196_8,2,1,-230.32709375,-230.32655038,-230.18464808,Type_1
0198_10,2,1,-230.27338893,-230.26643795,-230.1877297,Type_3
0198_11,2,1,-230.31541314,-230.31422825,-230.20706365,Type_2
0198_12,2,1,-230.33617352,-230.32511083,-230.20395689,Type_2
0198_13,2,1,-230.34133116,-230.34080354,-230.22126957,Type_2
0198_14,2,1,-230.30433533,-230.28909172,-230.15892999,Type_1
0198_15,2,1,-230.3414673,-230.3233237,-230.21931329,Type_1
0198_16,2,1,-230.28554676,-230.28505948,-230.1782814,Type_2
0198_3,2,1,-230.33526832,-230.3287822,-230.2456558,Type_3
0198_4,2,1,-230.32546792,-230.30778192,-230.20221228,Type_3
0198_8,2,1,-230.31465711,-230.30342403,-230.23684805,Type_3
0198_9,2,1,-230.27508944,-230.27106777,-230.16604019,Type_3
0199_10,2,1,-230.35553411,-230.35147635,-230.2181839,Type_1
0199_11,2,1,-230.33011431,-230.32740625,-230.22094617,Type_2
0199_12,2,1,-230.36898362,-230.36135716,-230.24375277,Type_2
0199_13,2,1,-230.30860035,-230.30778423,-230.23247274,Type_2
0199_14,2,1,-230.30276974,-230.30095419,-230.21846729,Type_1
0199_15,2,1,-230.35579706,-230.35258003,-230.25640791,Type_2
0199_6,2,1,-230.36165489,-230.34719662,-230.23547787,Type_2
0199_7,2,1,-230.34660876,-230.3433896,-230.22167552,Type_3
0199_8,2,1,-230.33936946,-230.32972079,-230.22802026,Type_3
0200_10,2,1,-230.33444618,-230.33335306,-230.25176654,Type_3
0200_11,2,1,-230.36068178,-230.35736788,-230.25235842,Type_2
0200_12,2,1,-230.32827482,-230.3234375,-230.23460949,Type_2
0200_13,2,1,-230.34735542,-230.33903481,-230.23133936,Type_2
0200_14,2,1,-230.36079608,-230.35430134,-230.24555813,Type_2
0200_16,2,1,-230.33407614,-230.32968375,-230.24435908,Type_3
0200_3,2,1,-230.3304669,-230.32410918,-230.22865877,Type_2
0200_7,2,1,-230.31095879,-230.30966814,-230.17855301,Type_2
0200_8,2,1,-230.34825386,-230.33846113,-230.24829878,Type_1
0200_9,2,1,-230.3240941,-230.32224908,-230.23567918,Type_3
0201_10,2,1,-230.33828064,-230.33100282,-230.23951168,Type_1
0201_11,2,1,-230.33037597,-230.32329359,-230.23359542,Type_2
0201_12,2,1,-230.36678896,-230.35673287,-230.26929197,Type_2
0201_13,2,1,-230.33784052,-230.33399033,-230.21009514,Type_1
0201_14,2,1,-230.3569465,-230.3511514,-230.22724888,Type_1
0201_15,2,1,-230.33771598,-230.33588481,-230.22965858,Type_2
