idx,cluster,smiles
0081_15,1,[H][C]1[C]([H])[C]([H])[C]([H])[C]([H])[C]1[H]
0041_6,1,[H][C]1[C]([H])[C]([H])[C]([H])[C]([H])[C]1[H]
0070_13,1,[H][C]1[C]([H])[C]([H])[C]([H])[C]([H])[C]1[H]
0178_7,2,[H][C]1[C]([H])[C]([H])[C]([H])[C]([H])[C]1[H]
0013_13,1,[H][C]1[C]([H])[C]([H])[C]([H])[C]([H])[C]1[H]
0096_8,1,[H][C]1[C]([H])[C]([H])[C]([H])[C]([H])[C]1[H]
0146_12,2,[H][C]1[C]([H])[C]([H])[C]([H])[C]([H])[C]1[H]
0020_7,1,[H][C]1[C]([H])[C]([H])[C]([H])[C]([H])[C]1[H]
0141_3,1,[H][C]1[C]([H])[C]([H])[C]([H])[C]([H])[C]1[H]
0065_7,1,[H][C]1[C]([H])[C]([H])[C]([H])[C]([H])[C]1[H]
0117_9,2,[H][C]1[C]([H])[C]([H])[C]([H])[C]([H])[C]1[H]
0098_7,1,[H][C]1[C]([H])[C]([H])[C]([H])[C]([H])[C]1[H]
0135_17,1,[H][C]1[C]([H])[C]([H])[C]([H])[C]([H])[C]1[H]
0119_6,2,[H][C]1[C]([H])[C]([H])[C]([H])[C]([H])[C]1[H]
0160_16,1,[H][C]1[C]([H])[C]([H])[C]([H])[C]([H])[C]1[H]
0083_4,2,[H][C]1[C]([H])[C]([H])[C]([H])[C]([H])[C]1[H]
0011_16,1,[H][C]1[C]([H])[C]([H])[C]([H])[C]([H])[C]1[H]
0161_6,1,[H][C]1[C]([H])[C]([H])[C]([H])[C]([H])[C]1[H]
0124_6,1,[H][C]1[C]([H])[C]([H])[C]([H])[C]([H])[C]1[H]
0013_8,1,[H][C]1[C]([H])[C]([H])[C]([H])[C]([H])[C]1[H]
0044_17,1,[H][C]1[C]([H])[C]([H])[C]([H])[C]([H])[C]1[H]
0056_8,1,[H][C]1[C]([H])[C]([H])[C]([H])[C]([H])[C]1[H]
0147_5,1,[H][C]1[C]([H])[C]([H])[C]([H])[C]([H])[C]1[H]
0139_17,1,[H][C]1[C]([H])[C]([H])[C]([H])[C]([H])[C]1[H]
0062_13,1,[H][C]1[C]([H])[C]([H])[C]([H])[C]([H])[C]1[H]
0081_6,2,[H][C]1[C]([H])[C]([H])[C]([H])[C]([H])[C]1[H]
0037_9,1,[H][C]1[C]([H])[C]([H])[C]([H])[C]([H])[C]1[H]
0054_12,1,[H][C]1[C]([H])[C]([H])[C]([H])[C]([H])[C]1[H]
0163_4,2,[H][C]1[C]([H])[C]([H])[C]([H])[C]([H])[C]1[H]
0072_9,1,[H][C]1[C]([H])[C]([H])[C]([H])[C]([H])[C]1[H]
0061_3,1,[H][C]1[C]([H])[C]([H])[C]([H])[C]([H])[C]1[H]
0154_12,1,[H][C]1[C]([H])[C]([H])[C]([H])[C]([H])[C]1[H]
0029_12,1,[H][C]1[C]([H])[C]([H])[C]([H])[C]([H])[C]1[H]
0039_6,2,[H][C]1[C]([H])[C]([H])[C]([H])[C]([H])[C]1[H]
0039_7,2,[H][C]1[C]([H])[C]([H])[C]([H])[C]([H])[C]1[H]
0154_13,1,[H][C]1[C]([H])[C]([H])[C]([H])[C]([H])[C]1[H]
0037_8,1,[H][C]1[C]([H])[C]([H])[C]([H])[C]([H])[C]1[H]
0126_5,2,[H][C]1[C]([H])[C]([H])[C]([H])[C]([H])[C]1[H]
0072_8,1,[H][C]1[C]([H])[C]([H])[C]([H])[C]([H])[C]1[H]
0163_5,1,[H][C]1[C]([H])[C]([H])[C]([H])[C]([H])[C]1[H]
0054_13,1,[H][C]1[C]([H])[C]([H])[C]([H])[C]([H])[C]1[H]
0081_7,2,[H][C]1[C]([H])[C]([H])[C]([H])[C]([H])[C]1[H]
0062_12,2,[H][C]1[C]([H])[C]([H])[C]([H])[C]([H])[C]1[H]
0058_6,2,[H][C]1[C]([H])[C]([H])[C]([H])[C]([H])[C]1[H]
0139_16,1,[H][C]1[C]([H])[C]([H])[C]([H])[C]([H])[C]1[H]
0116_22,1,[H][C]1[C]([H])[C]([H])[C]([H])[C]([H])[C]1[H]
0013_9,1,[H][C]1[C]([H])[C]([H])[C]([H])[C]([H])[C]1[H]
0147_4,2,[H][C]1[C]([H])[C]([H])[C]([H])[C]([H])[C]1[H]
0056_9,1,[H][C]1[C]([H])[C]([H])[C]([H])[C]([H])[C]1[H]
0044_16,1,[H][C]1[C]([H])[C]([H])[C]([H])[C]([H])[C]1[H]
0161_7,1,[H][C]1[C]([H])[C]([H])[C]([H])[C]([H])[C]1[H]
0124_7,1,[H][C]1[C]([H])[C]([H])[C]([H])[C]([H])[C]1[H]
0119_7,2,[H][C]1[C]([H])[C]([H])[C]([H])[C]([H])[C]1[H]
0160_17,1,[H][C]1[C]([H])[C]([H])[C]([H])[C]([H])[C]1[H]
0098_6,1,[H][C]1[C]([H])[C]([H])[C]([H])[C]([H])[C]1[H]
0135_16,1,[H][C]1[C]([H])[C]([H])[C]([H])[C]([H])[C]1[H]
0043_5,1,[H][C]1[C]([H])[C]([H])[C]([H])[C]([H])[C]1[H]
0152_8,1,[H][C]1[C]([H])[C]([H])[C]([H])[C]([H])[C]1[H]
0117_8,2,[H][C]1[C]([H])[C]([H])[C]([H])[C]([H])[C]1[H]
0020_6,2,[H][C]1[C]([H])[C]([H])[C]([H])[C]([H])[C]1[H]
0065_6,1,[H][C]1[C]([H])[C]([H])[C]([H])[C]([H])[C]1[H]
0148_16,1,[H][C]1[C]([H])[C]([H])[C]([H])[C]([H])[C]1[H]
0096_9,1,[H][C]1[C]([H])[C]([H])[C]([H])[C]([H])[C]1[H]
0178_6,2,[H][C]1[C]([H])[C]([H])[C]([H])[C]([H])[C]1[H]
0070_12,1,[H][C]1[C]([H])[C]([H])[C]([H])[C]([H])[C]1[H]
0120_3,2,[H][C]1[C]([H])[C]([H])[C]([H])[C]([H])[C]1[H]
0041_7,1,[H][C]1[C]([H])[C]([H])[C]([H])[C]([H])[C]1[H]
0176_9,2,[H][C]1[C]([H])[C]([H])[C]([H])[C]([H])[C]1[H]
0067_4,1,[H][C]1[C]([H])[C]([H])[C]([H])[C]([H])[C]1[H]
0081_14,1,[H][C]1[C]([H])[C]([H])[C]([H])[C]([H])[C]1[H]
0158_11,2,[H][C]1[C]([H])[C]([H])[C]([H])[C]([H])[C]1[H]
0081_16,1,[H][C]1[C]([H])[C]([H])[C]([H])[C]([H])[C]1[H]
0041_5,2,[H][C]1[C]([H])[C]([H])[C]([H])[C]([H])[C]1[H]
0150_8,1,[H][C]1[C]([H])[C]([H])[C]([H])[C]([H])[C]1[H]
0067_6,1,[H][C]1[C]([H])[C]([H])[C]([H])[C]([H])[C]1[H]
0069_9,1,[H][C]1[C]([H])[C]([H])[C]([H])[C]([H])[C]1[H]
0148_14,1,[H][C]1[C]([H])[C]([H])[C]([H])[C]([H])[C]1[H]
0048_14,2,[H][C]1[C]([H])[C]([H])[C]([H])[C]([H])[C]1[H]
0013_10,1,[H][C]1[C]([H])[C]([H])[C]([H])[C]([H])[C]1[H]
0043_7,1,[H][C]1[C]([H])[C]([H])[C]([H])[C]([H])[C]1[H]
0174_9,1,[H][C]1[C]([H])[C]([H])[C]([H])[C]([H])[C]1[H]
0065_4,1,[H][C]1[C]([H])[C]([H])[C]([H])[C]([H])[C]1[H]
0131_9,1,[H][C]1[C]([H])[C]([H])[C]([H])[C]([H])[C]1[H]
0020_4,2,[H][C]1[C]([H])[C]([H])[C]([H])[C]([H])[C]1[H]
0135_14,1,[H][C]1[C]([H])[C]([H])[C]([H])[C]([H])[C]1[H]
0160_15,1,[H][C]1[C]([H])[C]([H])[C]([H])[C]([H])[C]1[H]
0119_5,2,[H][C]1[C]([H])[C]([H])[C]([H])[C]([H])[C]1[H]
0011_15,1,[H][C]1[C]([H])[C]([H])[C]([H])[C]([H])[C]1[H]
0083_7,2,[H][C]1[C]([H])[C]([H])[C]([H])[C]([H])[C]1[H]
0147_6,1,[H][C]1[C]([H])[C]([H])[C]([H])[C]([H])[C]1[H]
0116_20,1,[H][C]1[C]([H])[C]([H])[C]([H])[C]([H])[C]1[H]
0035_8,1,[H][C]1[C]([H])[C]([H])[C]([H])[C]([H])[C]1[H]
0118_19,1,[H][C]1[C]([H])[C]([H])[C]([H])[C]([H])[C]1[H]
0124_5,2,[H][C]1[C]([H])[C]([H])[C]([H])[C]([H])[C]1[H]
0070_8,1,[H][C]1[C]([H])[C]([H])[C]([H])[C]([H])[C]1[H]
0161_5,1,[H][C]1[C]([H])[C]([H])[C]([H])[C]([H])[C]1[H]
0137_11,1,[H][C]1[C]([H])[C]([H])[C]([H])[C]([H])[C]1[H]
0139_14,1,[H][C]1[C]([H])[C]([H])[C]([H])[C]([H])[C]1[H]
0149_9,1,[H][C]1[C]([H])[C]([H])[C]([H])[C]([H])[C]1[H]
0162_10,1,[H][C]1[C]([H])[C]([H])[C]([H])[C]([H])[C]1[H]
0153_24,1,[H][C]1[C]([H])[C]([H])[C]([H])[C]([H])[C]1[H]
0153_18,1,[H][C]1[C]([H])[C]([H])[C]([H])[C]([H])[C]1[H]
0054_9,1,[H][C]1[C]([H])[C]([H])[C]([H])[C]([H])[C]1[H]
0054_11,1,[H][C]1[C]([H])[C]([H])[C]([H])[C]([H])[C]1[H]
0163_7,1,[H][C]1[C]([H])[C]([H])[C]([H])[C]([H])[C]1[H]
0126_7,1,[H][C]1[C]([H])[C]([H])[C]([H])[C]([H])[C]1[H]
0128_8,1,[H][C]1[C]([H])[C]([H])[C]([H])[C]([H])[C]1[H]
0039_5,2,[H][C]1[C]([H])[C]([H])[C]([H])[C]([H])[C]1[H]
0029_11,1,[H][C]1[C]([H])[C]([H])[C]([H])[C]([H])[C]1[H]
0029_10,1,[H][C]1[C]([H])[C]([H])[C]([H])[C]([H])[C]1[H]
0128_9,1,[H][C]1[C]([H])[C]([H])[C]([H])[C]([H])[C]1[H]
0163_6,1,[H][C]1[C]([H])[C]([H])[C]([H])[C]([H])[C]1[H]
0054_10,1,[H][C]1[C]([H])[C]([H])[C]([H])[C]([H])[C]1[H]
0154_10,1,[H][C]1[C]([H])[C]([H])[C]([H])[C]([H])[C]1[H]
0054_8,1,[H][C]1[C]([H])[C]([H])[C]([H])[C]([H])[C]1[H]
0153_25,1,[H][C]1[C]([H])[C]([H])[C]([H])[C]([H])[C]1[H]
0139_15,1,[H][C]1[C]([H])[C]([H])[C]([H])[C]([H])[C]1[H]
0037_10,1,[H][C]1[C]([H])[C]([H])[C]([H])[C]([H])[C]1[H]
0137_10,1,[H][C]1[C]([H])[C]([H])[C]([H])[C]([H])[C]1[H]
0118_18,1,[H][C]1[C]([H])[C]([H])[C]([H])[C]([H])[C]1[H]
0035_9,1,[H][C]1[C]([H])[C]([H])[C]([H])[C]([H])[C]1[H]
0161_4,1,[H][C]1[C]([H])[C]([H])[C]([H])[C]([H])[C]1[H]
0070_9,1,[H][C]1[C]([H])[C]([H])[C]([H])[C]([H])[C]1[H]
0063_3,2,[H][C]1[C]([H])[C]([H])[C]([H])[C]([H])[C]1[H]
0147_7,1,[H][C]1[C]([H])[C]([H])[C]([H])[C]([H])[C]1[H]
0044_15,1,[H][C]1[C]([H])[C]([H])[C]([H])[C]([H])[C]1[H]
0011_14,1,[H][C]1[C]([H])[C]([H])[C]([H])[C]([H])[C]1[H]
0083_6,2,[H][C]1[C]([H])[C]([H])[C]([H])[C]([H])[C]1[H]
0160_14,1,[H][C]1[C]([H])[C]([H])[C]([H])[C]([H])[C]1[H]
0135_15,1,[H][C]1[C]([H])[C]([H])[C]([H])[C]([H])[C]1[H]
0098_5,1,[H][C]1[C]([H])[C]([H])[C]([H])[C]([H])[C]1[H]
0065_5,1,[H][C]1[C]([H])[C]([H])[C]([H])[C]([H])[C]1[H]
0174_8,1,[H][C]1[C]([H])[C]([H])[C]([H])[C]([H])[C]1[H]
0048_15,1,[H][C]1[C]([H])[C]([H])[C]([H])[C]([H])[C]1[H]
0148_15,1,[H][C]1[C]([H])[C]([H])[C]([H])[C]([H])[C]1[H]
0070_11,1,[H][C]1[C]([H])[C]([H])[C]([H])[C]([H])[C]1[H]
0178_5,1,[H][C]1[C]([H])[C]([H])[C]([H])[C]([H])[C]1[H]
0069_8,1,[H][C]1[C]([H])[C]([H])[C]([H])[C]([H])[C]1[H]
0067_7,1,[H][C]1[C]([H])[C]([H])[C]([H])[C]([H])[C]1[H]
0150_9,1,[H][C]1[C]([H])[C]([H])[C]([H])[C]([H])[C]1[H]
0158_10,2,[H][C]1[C]([H])[C]([H])[C]([H])[C]([H])[C]1[H]
0081_17,1,[H][C]1[C]([H])[C]([H])[C]([H])[C]([H])[C]1[H]
0156_11,1,[H][C]1[C]([H])[C]([H])[C]([H])[C]([H])[C]1[H]
0074_9,1,[H][C]1[C]([H])[C]([H])[C]([H])[C]([H])[C]1[H]
0056_11,1,[H][C]1[C]([H])[C]([H])[C]([H])[C]([H])[C]1[H]
0143_7,1,[H][C]1[C]([H])[C]([H])[C]([H])[C]([H])[C]1[H]
0106_7,1,[H][C]1[C]([H])[C]([H])[C]([H])[C]([H])[C]1[H]
0087_6,2,[H][C]1[C]([H])[C]([H])[C]([H])[C]([H])[C]1[H]
0081_13,1,[H][C]1[C]([H])[C]([H])[C]([H])[C]([H])[C]1[H]
0108_8,2,[H][C]1[C]([H])[C]([H])[C]([H])[C]([H])[C]1[H]
0019_5,1,[H][C]1[C]([H])[C]([H])[C]([H])[C]([H])[C]1[H]
0070_15,1,[H][C]1[C]([H])[C]([H])[C]([H])[C]([H])[C]1[H]
0015_8,1,[H][C]1[C]([H])[C]([H])[C]([H])[C]([H])[C]1[H]
0146_14,1,[H][C]1[C]([H])[C]([H])[C]([H])[C]([H])[C]1[H]
0085_4,1,[H][C]1[C]([H])[C]([H])[C]([H])[C]([H])[C]1[H]
0148_11,1,[H][C]1[C]([H])[C]([H])[C]([H])[C]([H])[C]1[H]
0078_4,2,[H][C]1[C]([H])[C]([H])[C]([H])[C]([H])[C]1[H]
0169_9,2,[H][C]1[C]([H])[C]([H])[C]([H])[C]([H])[C]1[H]
0160_10,1,[H][C]1[C]([H])[C]([H])[C]([H])[C]([H])[C]1[H]
0135_11,1,[H][C]1[C]([H])[C]([H])[C]([H])[C]([H])[C]1[H]
0026_7,1,[H][C]1[C]([H])[C]([H])[C]([H])[C]([H])[C]1[H]
0044_11,1,[H][C]1[C]([H])[C]([H])[C]([H])[C]([H])[C]1[H]
0063_7,1,[H][C]1[C]([H])[C]([H])[C]([H])[C]([H])[C]1[H]
0154_9,1,[H][C]1[C]([H])[C]([H])[C]([H])[C]([H])[C]1[H]
0144_11,1,[H][C]1[C]([H])[C]([H])[C]([H])[C]([H])[C]1[H]
0111_9,1,[H][C]1[C]([H])[C]([H])[C]([H])[C]([H])[C]1[H]
0000_4,1,[H][C]1[C]([H])[C]([H])[C]([H])[C]([H])[C]1[H]
0116_19,1,[H][C]1[C]([H])[C]([H])[C]([H])[C]([H])[C]1[H]
0111_10,1,[H][C]1[C]([H])[C]([H])[C]([H])[C]([H])[C]1[H]
0011_10,2,[H][C]1[C]([H])[C]([H])[C]([H])[C]([H])[C]1[H]
0118_20,1,[H][C]1[C]([H])[C]([H])[C]([H])[C]([H])[C]1[H]
0062_15,1,[H][C]1[C]([H])[C]([H])[C]([H])[C]([H])[C]1[H]
0039_11,1,[H][C]1[C]([H])[C]([H])[C]([H])[C]([H])[C]1[H]
0061_5,2,[H][C]1[C]([H])[C]([H])[C]([H])[C]([H])[C]1[H]
0170_8,1,[H][C]1[C]([H])[C]([H])[C]([H])[C]([H])[C]1[H]
0135_8,1,[H][C]1[C]([H])[C]([H])[C]([H])[C]([H])[C]1[H]
0047_6,2,[H][C]1[C]([H])[C]([H])[C]([H])[C]([H])[C]1[H]
0153_21,2,[H][C]1[C]([H])[C]([H])[C]([H])[C]([H])[C]1[H]
0158_5,2,[H][C]1[C]([H])[C]([H])[C]([H])[C]([H])[C]1[H]
0049_8,1,[H][C]1[C]([H])[C]([H])[C]([H])[C]([H])[C]1[H]
0153_20,1,[H][C]1[C]([H])[C]([H])[C]([H])[C]([H])[C]1[H]
0163_3,2,[H][C]1[C]([H])[C]([H])[C]([H])[C]([H])[C]1[H]
0054_15,1,[H][C]1[C]([H])[C]([H])[C]([H])[C]([H])[C]1[H]
0170_9,1,[H][C]1[C]([H])[C]([H])[C]([H])[C]([H])[C]1[H]
0135_9,1,[H][C]1[C]([H])[C]([H])[C]([H])[C]([H])[C]1[H]
0139_10,1,[H][C]1[C]([H])[C]([H])[C]([H])[C]([H])[C]1[H]
0062_14,1,[H][C]1[C]([H])[C]([H])[C]([H])[C]([H])[C]1[H]
0039_10,1,[H][C]1[C]([H])[C]([H])[C]([H])[C]([H])[C]1[H]
0118_21,1,[H][C]1[C]([H])[C]([H])[C]([H])[C]([H])[C]1[H]
0011_11,1,[H][C]1[C]([H])[C]([H])[C]([H])[C]([H])[C]1[H]
0116_18,1,[H][C]1[C]([H])[C]([H])[C]([H])[C]([H])[C]1[H]
0111_8,2,[H][C]1[C]([H])[C]([H])[C]([H])[C]([H])[C]1[H]
0144_10,1,[H][C]1[C]([H])[C]([H])[C]([H])[C]([H])[C]1[H]
0026_6,1,[H][C]1[C]([H])[C]([H])[C]([H])[C]([H])[C]1[H]
0063_6,1,[H][C]1[C]([H])[C]([H])[C]([H])[C]([H])[C]1[H]
0044_10,1,[H][C]1[C]([H])[C]([H])[C]([H])[C]([H])[C]1[H]
0135_10,1,[H][C]1[C]([H])[C]([H])[C]([H])[C]([H])[C]1[H]
0160_11,1,[H][C]1[C]([H])[C]([H])[C]([H])[C]([H])[C]1[H]
0169_8,2,[H][C]1[C]([H])[C]([H])[C]([H])[C]([H])[C]1[H]
0013_14,1,[H][C]1[C]([H])[C]([H])[C]([H])[C]([H])[C]1[H]
0085_5,1,[H][C]1[C]([H])[C]([H])[C]([H])[C]([H])[C]1[H]
0148_10,1,[H][C]1[C]([H])[C]([H])[C]([H])[C]([H])[C]1[H]
0146_15,1,[H][C]1[C]([H])[C]([H])[C]([H])[C]([H])[C]1[H]
0104_4,2,[H][C]1[C]([H])[C]([H])[C]([H])[C]([H])[C]1[H]
0015_9,1,[H][C]1[C]([H])[C]([H])[C]([H])[C]([H])[C]1[H]
0043_3,1,[H][C]1[C]([H])[C]([H])[C]([H])[C]([H])[C]1[H]
0167_7,2,[H][C]1[C]([H])[C]([H])[C]([H])[C]([H])[C]1[H]
0122_7,1,[H][C]1[C]([H])[C]([H])[C]([H])[C]([H])[C]1[H]
0070_14,1,[H][C]1[C]([H])[C]([H])[C]([H])[C]([H])[C]1[H]
0108_9,1,[H][C]1[C]([H])[C]([H])[C]([H])[C]([H])[C]1[H]
0081_12,1,[H][C]1[C]([H])[C]([H])[C]([H])[C]([H])[C]1[H]
0143_6,1,[H][C]1[C]([H])[C]([H])[C]([H])[C]([H])[C]1[H]
0056_10,1,[H][C]1[C]([H])[C]([H])[C]([H])[C]([H])[C]1[H]
0106_6,1,[H][C]1[C]([H])[C]([H])[C]([H])[C]([H])[C]1[H]
0031_8,1,[H][C]1[C]([H])[C]([H])[C]([H])[C]([H])[C]1[H]
0156_10,1,[H][C]1[C]([H])[C]([H])[C]([H])[C]([H])[C]1[H]
0120_5,2,[H][C]1[C]([H])[C]([H])[C]([H])[C]([H])[C]1[H]
0074_8,1,[H][C]1[C]([H])[C]([H])[C]([H])[C]([H])[C]1[H]
0165_5,1,[H][C]1[C]([H])[C]([H])[C]([H])[C]([H])[C]1[H]
0106_4,2,[H][C]1[C]([H])[C]([H])[C]([H])[C]([H])[C]1[H]
0017_9,1,[H][C]1[C]([H])[C]([H])[C]([H])[C]([H])[C]1[H]
0056_12,1,[H][C]1[C]([H])[C]([H])[C]([H])[C]([H])[C]1[H]
0052_9,1,[H][C]1[C]([H])[C]([H])[C]([H])[C]([H])[C]1[H]
0165_7,1,[H][C]1[C]([H])[C]([H])[C]([H])[C]([H])[C]1[H]
0120_7,1,[H][C]1[C]([H])[C]([H])[C]([H])[C]([H])[C]1[H]
0156_12,1,[H][C]1[C]([H])[C]([H])[C]([H])[C]([H])[C]1[H]
0081_10,2,[H][C]1[C]([H])[C]([H])[C]([H])[C]([H])[C]1[H]
0087_5,2,[H][C]1[C]([H])[C]([H])[C]([H])[C]([H])[C]1[H]
0019_6,1,[H][C]1[C]([H])[C]([H])[C]([H])[C]([H])[C]1[H]
0141_6,1,[H][C]1[C]([H])[C]([H])[C]([H])[C]([H])[C]1[H]
0104_6,2,[H][C]1[C]([H])[C]([H])[C]([H])[C]([H])[C]1[H]
0146_17,1,[H][C]1[C]([H])[C]([H])[C]([H])[C]([H])[C]1[H]
0033_8,1,[H][C]1[C]([H])[C]([H])[C]([H])[C]([H])[C]1[H]
0076_8,1,[H][C]1[C]([H])[C]([H])[C]([H])[C]([H])[C]1[H]
0167_5,2,[H][C]1[C]([H])[C]([H])[C]([H])[C]([H])[C]1[H]
0148_12,1,[H][C]1[C]([H])[C]([H])[C]([H])[C]([H])[C]1[H]
0085_7,1,[H][C]1[C]([H])[C]([H])[C]([H])[C]([H])[C]1[H]
0078_7,1,[H][C]1[C]([H])[C]([H])[C]([H])[C]([H])[C]1[H]
0160_13,1,[H][C]1[C]([H])[C]([H])[C]([H])[C]([H])[C]1[H]
0119_3,2,[H][C]1[C]([H])[C]([H])[C]([H])[C]([H])[C]1[H]
0135_12,1,[H][C]1[C]([H])[C]([H])[C]([H])[C]([H])[C]1[H]
0124_3,2,[H][C]1[C]([H])[C]([H])[C]([H])[C]([H])[C]1[H]
0144_12,1,[H][C]1[C]([H])[C]([H])[C]([H])[C]([H])[C]1[H]
0044_12,1,[H][C]1[C]([H])[C]([H])[C]([H])[C]([H])[C]1[H]
0172_9,1,[H][C]1[C]([H])[C]([H])[C]([H])[C]([H])[C]1[H]
0063_4,2,[H][C]1[C]([H])[C]([H])[C]([H])[C]([H])[C]1[H]
0137_9,1,[H][C]1[C]([H])[C]([H])[C]([H])[C]([H])[C]1[H]
0026_4,1,[H][C]1[C]([H])[C]([H])[C]([H])[C]([H])[C]1[H]
0011_13,1,[H][C]1[C]([H])[C]([H])[C]([H])[C]([H])[C]1[H]
0139_6,1,[H][C]1[C]([H])[C]([H])[C]([H])[C]([H])[C]1[H]
0139_12,1,[H][C]1[C]([H])[C]([H])[C]([H])[C]([H])[C]1[H]
0039_12,1,[H][C]1[C]([H])[C]([H])[C]([H])[C]([H])[C]1[H]
0062_16,1,[H][C]1[C]([H])[C]([H])[C]([H])[C]([H])[C]1[H]
0047_5,2,[H][C]1[C]([H])[C]([H])[C]([H])[C]([H])[C]1[H]
0061_6,2,[H][C]1[C]([H])[C]([H])[C]([H])[C]([H])[C]1[H]
0158_7,2,[H][C]1[C]([H])[C]([H])[C]([H])[C]([H])[C]1[H]
0158_6,2,[H][C]1[C]([H])[C]([H])[C]([H])[C]([H])[C]1[H]
0153_23,1,[H][C]1[C]([H])[C]([H])[C]([H])[C]([H])[C]1[H]
0156_9,1,[H][C]1[C]([H])[C]([H])[C]([H])[C]([H])[C]1[H]
0047_4,2,[H][C]1[C]([H])[C]([H])[C]([H])[C]([H])[C]1[H]
0039_13,1,[H][C]1[C]([H])[C]([H])[C]([H])[C]([H])[C]1[H]
0062_17,1,[H][C]1[C]([H])[C]([H])[C]([H])[C]([H])[C]1[H]
0139_13,1,[H][C]1[C]([H])[C]([H])[C]([H])[C]([H])[C]1[H]
0139_7,1,[H][C]1[C]([H])[C]([H])[C]([H])[C]([H])[C]1[H]
0058_3,2,[H][C]1[C]([H])[C]([H])[C]([H])[C]([H])[C]1[H]
0111_12,1,[H][C]1[C]([H])[C]([H])[C]([H])[C]([H])[C]1[H]
0011_12,1,[H][C]1[C]([H])[C]([H])[C]([H])[C]([H])[C]1[H]
0172_8,1,[H][C]1[C]([H])[C]([H])[C]([H])[C]([H])[C]1[H]
0044_13,1,[H][C]1[C]([H])[C]([H])[C]([H])[C]([H])[C]1[H]
0026_5,1,[H][C]1[C]([H])[C]([H])[C]([H])[C]([H])[C]1[H]
0137_8,1,[H][C]1[C]([H])[C]([H])[C]([H])[C]([H])[C]1[H]
0000_6,1,[H][C]1[C]([H])[C]([H])[C]([H])[C]([H])[C]1[H]
0144_13,1,[H][C]1[C]([H])[C]([H])[C]([H])[C]([H])[C]1[H]
0135_13,1,[H][C]1[C]([H])[C]([H])[C]([H])[C]([H])[C]1[H]
0160_12,1,[H][C]1[C]([H])[C]([H])[C]([H])[C]([H])[C]1[H]
0078_6,1,[H][C]1[C]([H])[C]([H])[C]([H])[C]([H])[C]1[H]
0148_13,1,[H][C]1[C]([H])[C]([H])[C]([H])[C]([H])[C]1[H]
0085_6,1,[H][C]1[C]([H])[C]([H])[C]([H])[C]([H])[C]1[H]
0048_13,1,[H][C]1[C]([H])[C]([H])[C]([H])[C]([H])[C]1[H]
0033_9,1,[H][C]1[C]([H])[C]([H])[C]([H])[C]([H])[C]1[H]
0167_4,2,[H][C]1[C]([H])[C]([H])[C]([H])[C]([H])[C]1[H]
0141_7,1,[H][C]1[C]([H])[C]([H])[C]([H])[C]([H])[C]1[H]
0098_18,1,[H][C]1[C]([H])[C]([H])[C]([H])[C]([H])[C]1[H]
0146_16,1,[H][C]1[C]([H])[C]([H])[C]([H])[C]([H])[C]1[H]
0019_7,1,[H][C]1[C]([H])[C]([H])[C]([H])[C]([H])[C]1[H]
0081_11,1,[H][C]1[C]([H])[C]([H])[C]([H])[C]([H])[C]1[H]
0165_6,1,[H][C]1[C]([H])[C]([H])[C]([H])[C]([H])[C]1[H]
0156_13,1,[H][C]1[C]([H])[C]([H])[C]([H])[C]([H])[C]1[H]
0120_6,1,[H][C]1[C]([H])[C]([H])[C]([H])[C]([H])[C]1[H]
0017_8,2,[H][C]1[C]([H])[C]([H])[C]([H])[C]([H])[C]1[H]
0052_8,1,[H][C]1[C]([H])[C]([H])[C]([H])[C]([H])[C]1[H]
0056_13,1,[H][C]1[C]([H])[C]([H])[C]([H])[C]([H])[C]1[H]
0017_14,1,[H][C]1[C]([H])[C]([H])[C]([H])[C]([H])[C]1[H]
0117_14,1,[H][C]1[C]([H])[C]([H])[C]([H])[C]([H])[C]1[H]
0142_15,1,[H][C]1[C]([H])[C]([H])[C]([H])[C]([H])[C]1[H]
0055_9,1,[H][C]1[C]([H])[C]([H])[C]([H])[C]([H])[C]1[H]
0144_4,1,[H][C]1[C]([H])[C]([H])[C]([H])[C]([H])[C]1[H]
0119_11,1,[H][C]1[C]([H])[C]([H])[C]([H])[C]([H])[C]1[H]
0010_21,2,[H][C]1[C]([H])[C]([H])[C]([H])[C]([H])[C]1[H]
0003_3,2,[H][C]1[C]([H])[C]([H])[C]([H])[C]([H])[C]1[H]
0046_3,1,[H][C]1[C]([H])[C]([H])[C]([H])[C]([H])[C]1[H]
0162_7,1,[H][C]1[C]([H])[C]([H])[C]([H])[C]([H])[C]1[H]
0031_10,1,[H][C]1[C]([H])[C]([H])[C]([H])[C]([H])[C]1[H]
0131_10,1,[H][C]1[C]([H])[C]([H])[C]([H])[C]([H])[C]1[H]
0038_5,1,[H][C]1[C]([H])[C]([H])[C]([H])[C]([H])[C]1[H]
0064_11,1,[H][C]1[C]([H])[C]([H])[C]([H])[C]([H])[C]1[H]
0085_12,1,[H][C]1[C]([H])[C]([H])[C]([H])[C]([H])[C]1[H]
0082_7,1,[H][C]1[C]([H])[C]([H])[C]([H])[C]([H])[C]1[H]
0000_18,1,[H][C]1[C]([H])[C]([H])[C]([H])[C]([H])[C]1[H]
0052_10,2,[H][C]1[C]([H])[C]([H])[C]([H])[C]([H])[C]1[H]
0009_14,1,[H][C]1[C]([H])[C]([H])[C]([H])[C]([H])[C]1[H]
0160_5,1,[H][C]1[C]([H])[C]([H])[C]([H])[C]([H])[C]1[H]
0071_8,1,[H][C]1[C]([H])[C]([H])[C]([H])[C]([H])[C]1[H]
0152_10,1,[H][C]1[C]([H])[C]([H])[C]([H])[C]([H])[C]1[H]
0109_14,1,[H][C]1[C]([H])[C]([H])[C]([H])[C]([H])[C]1[H]
0034_8,1,[H][C]1[C]([H])[C]([H])[C]([H])[C]([H])[C]1[H]
0155_19,1,[H][C]1[C]([H])[C]([H])[C]([H])[C]([H])[C]1[H]
0105_14,1,[H][C]1[C]([H])[C]([H])[C]([H])[C]([H])[C]1[H]
0157_20,1,[H][C]1[C]([H])[C]([H])[C]([H])[C]([H])[C]1[H]
0042_7,1,[H][C]1[C]([H])[C]([H])[C]([H])[C]([H])[C]1[H]
0021_4,1,[H][C]1[C]([H])[C]([H])[C]([H])[C]([H])[C]1[H]
0130_9,1,[H][C]1[C]([H])[C]([H])[C]([H])[C]([H])[C]1[H]
0150_15,1,[H][C]1[C]([H])[C]([H])[C]([H])[C]([H])[C]1[H]
0175_9,2,[H][C]1[C]([H])[C]([H])[C]([H])[C]([H])[C]1[H]
0123_10,1,[H][C]1[C]([H])[C]([H])[C]([H])[C]([H])[C]1[H]
0023_10,1,[H][C]1[C]([H])[C]([H])[C]([H])[C]([H])[C]1[H]
0176_11,1,[H][C]1[C]([H])[C]([H])[C]([H])[C]([H])[C]1[H]
0009_8,1,[H][C]1[C]([H])[C]([H])[C]([H])[C]([H])[C]1[H]
0015_11,1,[H][C]1[C]([H])[C]([H])[C]([H])[C]([H])[C]1[H]
0097_12,2,[H][C]1[C]([H])[C]([H])[C]([H])[C]([H])[C]1[H]
0140_10,1,[H][C]1[C]([H])[C]([H])[C]([H])[C]([H])[C]1[H]
0066_6,1,[H][C]1[C]([H])[C]([H])[C]([H])[C]([H])[C]1[H]
0023_6,1,[H][C]1[C]([H])[C]([H])[C]([H])[C]([H])[C]1[H]
0040_10,1,[H][C]1[C]([H])[C]([H])[C]([H])[C]([H])[C]1[H]
0068_11,1,[H][C]1[C]([H])[C]([H])[C]([H])[C]([H])[C]1[H]
0068_9,1,[H][C]1[C]([H])[C]([H])[C]([H])[C]([H])[C]1[H]
0166_15,1,[H][C]1[C]([H])[C]([H])[C]([H])[C]([H])[C]1[H]
0068_8,2,[H][C]1[C]([H])[C]([H])[C]([H])[C]([H])[C]1[H]
0142_3,2,[H][C]1[C]([H])[C]([H])[C]([H])[C]([H])[C]1[H]
0066_7,1,[H][C]1[C]([H])[C]([H])[C]([H])[C]([H])[C]1[H]
0023_7,1,[H][C]1[C]([H])[C]([H])[C]([H])[C]([H])[C]1[H]
0040_4,2,[H][C]1[C]([H])[C]([H])[C]([H])[C]([H])[C]1[H]
0140_11,2,[H][C]1[C]([H])[C]([H])[C]([H])[C]([H])[C]1[H]
0151_9,1,[H][C]1[C]([H])[C]([H])[C]([H])[C]([H])[C]1[H]
0097_13,1,[H][C]1[C]([H])[C]([H])[C]([H])[C]([H])[C]1[H]
0015_10,1,[H][C]1[C]([H])[C]([H])[C]([H])[C]([H])[C]1[H]
0118_4,2,[H][C]1[C]([H])[C]([H])[C]([H])[C]([H])[C]1[H]
0009_9,1,[H][C]1[C]([H])[C]([H])[C]([H])[C]([H])[C]1[H]
0023_11,1,[H][C]1[C]([H])[C]([H])[C]([H])[C]([H])[C]1[H]
0099_5,2,[H][C]1[C]([H])[C]([H])[C]([H])[C]([H])[C]1[H]
0123_11,1,[H][C]1[C]([H])[C]([H])[C]([H])[C]([H])[C]1[H]
0130_8,1,[H][C]1[C]([H])[C]([H])[C]([H])[C]([H])[C]1[H]
0021_5,1,[H][C]1[C]([H])[C]([H])[C]([H])[C]([H])[C]1[H]
0175_8,1,[H][C]1[C]([H])[C]([H])[C]([H])[C]([H])[C]1[H]
0064_5,1,[H][C]1[C]([H])[C]([H])[C]([H])[C]([H])[C]1[H]
0150_14,1,[H][C]1[C]([H])[C]([H])[C]([H])[C]([H])[C]1[H]
0042_6,1,[H][C]1[C]([H])[C]([H])[C]([H])[C]([H])[C]1[H]
0157_21,1,[H][C]1[C]([H])[C]([H])[C]([H])[C]([H])[C]1[H]
0087_16,1,[H][C]1[C]([H])[C]([H])[C]([H])[C]([H])[C]1[H]
0105_15,1,[H][C]1[C]([H])[C]([H])[C]([H])[C]([H])[C]1[H]
0059_5,1,[H][C]1[C]([H])[C]([H])[C]([H])[C]([H])[C]1[H]
0071_9,1,[H][C]1[C]([H])[C]([H])[C]([H])[C]([H])[C]1[H]
0160_4,1,[H][C]1[C]([H])[C]([H])[C]([H])[C]([H])[C]1[H]
0155_18,1,[H][C]1[C]([H])[C]([H])[C]([H])[C]([H])[C]1[H]
0034_9,1,[H][C]1[C]([H])[C]([H])[C]([H])[C]([H])[C]1[H]
0009_15,1,[H][C]1[C]([H])[C]([H])[C]([H])[C]([H])[C]1[H]
0146_7,2,[H][C]1[C]([H])[C]([H])[C]([H])[C]([H])[C]1[H]
0155_24,1,[H][C]1[C]([H])[C]([H])[C]([H])[C]([H])[C]1[H]
0000_19,1,[H][C]1[C]([H])[C]([H])[C]([H])[C]([H])[C]1[H]
0064_10,1,[H][C]1[C]([H])[C]([H])[C]([H])[C]([H])[C]1[H]
0038_4,1,[H][C]1[C]([H])[C]([H])[C]([H])[C]([H])[C]1[H]
0164_10,1,[H][C]1[C]([H])[C]([H])[C]([H])[C]([H])[C]1[H]
0131_11,1,[H][C]1[C]([H])[C]([H])[C]([H])[C]([H])[C]1[H]
0031_11,1,[H][C]1[C]([H])[C]([H])[C]([H])[C]([H])[C]1[H]
0127_6,1,[H][C]1[C]([H])[C]([H])[C]([H])[C]([H])[C]1[H]
0162_6,1,[H][C]1[C]([H])[C]([H])[C]([H])[C]([H])[C]1[H]
0055_8,1,[H][C]1[C]([H])[C]([H])[C]([H])[C]([H])[C]1[H]
0142_14,2,[H][C]1[C]([H])[C]([H])[C]([H])[C]([H])[C]1[H]
0010_20,1,[H][C]1[C]([H])[C]([H])[C]([H])[C]([H])[C]1[H]
0117_15,1,[H][C]1[C]([H])[C]([H])[C]([H])[C]([H])[C]1[H]
0080_4,1,[H][C]1[C]([H])[C]([H])[C]([H])[C]([H])[C]1[H]
0080_6,1,[H][C]1[C]([H])[C]([H])[C]([H])[C]([H])[C]1[H]
0017_17,1,[H][C]1[C]([H])[C]([H])[C]([H])[C]([H])[C]1[H]
0073_9,1,[H][C]1[C]([H])[C]([H])[C]([H])[C]([H])[C]1[H]
0127_4,2,[H][C]1[C]([H])[C]([H])[C]([H])[C]([H])[C]1[H]
0010_22,1,[H][C]1[C]([H])[C]([H])[C]([H])[C]([H])[C]1[H]
0142_16,1,[H][C]1[C]([H])[C]([H])[C]([H])[C]([H])[C]1[H]
0131_13,1,[H][C]1[C]([H])[C]([H])[C]([H])[C]([H])[C]1[H]
0064_12,1,[H][C]1[C]([H])[C]([H])[C]([H])[C]([H])[C]1[H]
0082_4,2,[H][C]1[C]([H])[C]([H])[C]([H])[C]([H])[C]1[H]
0085_11,1,[H][C]1[C]([H])[C]([H])[C]([H])[C]([H])[C]1[H]
0146_5,2,[H][C]1[C]([H])[C]([H])[C]([H])[C]([H])[C]1[H]
0057_8,1,[H][C]1[C]([H])[C]([H])[C]([H])[C]([H])[C]1[H]
0012_8,1,[H][C]1[C]([H])[C]([H])[C]([H])[C]([H])[C]1[H]
0052_13,1,[H][C]1[C]([H])[C]([H])[C]([H])[C]([H])[C]1[H]
0138_3,2,[H][C]1[C]([H])[C]([H])[C]([H])[C]([H])[C]1[H]
0059_7,1,[H][C]1[C]([H])[C]([H])[C]([H])[C]([H])[C]1[H]
0157_23,1,[H][C]1[C]([H])[C]([H])[C]([H])[C]([H])[C]1[H]
0087_14,1,[H][C]1[C]([H])[C]([H])[C]([H])[C]([H])[C]1[H]
0140_3,2,[H][C]1[C]([H])[C]([H])[C]([H])[C]([H])[C]1[H]
0064_7,1,[H][C]1[C]([H])[C]([H])[C]([H])[C]([H])[C]1[H]
0042_4,2,[H][C]1[C]([H])[C]([H])[C]([H])[C]([H])[C]1[H]
0123_13,1,[H][C]1[C]([H])[C]([H])[C]([H])[C]([H])[C]1[H]
0176_12,1,[H][C]1[C]([H])[C]([H])[C]([H])[C]([H])[C]1[H]
0118_6,2,[H][C]1[C]([H])[C]([H])[C]([H])[C]([H])[C]1[H]
0097_11,1,[H][C]1[C]([H])[C]([H])[C]([H])[C]([H])[C]1[H]
0015_12,1,[H][C]1[C]([H])[C]([H])[C]([H])[C]([H])[C]1[H]
0023_5,1,[H][C]1[C]([H])[C]([H])[C]([H])[C]([H])[C]1[H]
0040_13,2,[H][C]1[C]([H])[C]([H])[C]([H])[C]([H])[C]1[H]
0140_13,1,[H][C]1[C]([H])[C]([H])[C]([H])[C]([H])[C]1[H]
0040_6,2,[H][C]1[C]([H])[C]([H])[C]([H])[C]([H])[C]1[H]
0068_12,2,[H][C]1[C]([H])[C]([H])[C]([H])[C]([H])[C]1[H]
0068_13,1,[H][C]1[C]([H])[C]([H])[C]([H])[C]([H])[C]1[H]
0140_12,1,[H][C]1[C]([H])[C]([H])[C]([H])[C]([H])[C]1[H]
0040_12,2,[H][C]1[C]([H])[C]([H])[C]([H])[C]([H])[C]1[H]
0132_9,1,[H][C]1[C]([H])[C]([H])[C]([H])[C]([H])[C]1[H]
0177_9,2,[H][C]1[C]([H])[C]([H])[C]([H])[C]([H])[C]1[H]
0097_10,1,[H][C]1[C]([H])[C]([H])[C]([H])[C]([H])[C]1[H]
0118_7,1,[H][C]1[C]([H])[C]([H])[C]([H])[C]([H])[C]1[H]
0176_13,1,[H][C]1[C]([H])[C]([H])[C]([H])[C]([H])[C]1[H]
0123_12,1,[H][C]1[C]([H])[C]([H])[C]([H])[C]([H])[C]1[H]
0116_8,1,[H][C]1[C]([H])[C]([H])[C]([H])[C]([H])[C]1[H]
0042_5,1,[H][C]1[C]([H])[C]([H])[C]([H])[C]([H])[C]1[H]
0064_6,1,[H][C]1[C]([H])[C]([H])[C]([H])[C]([H])[C]1[H]
0087_15,1,[H][C]1[C]([H])[C]([H])[C]([H])[C]([H])[C]1[H]
0097_9,2,[H][C]1[C]([H])[C]([H])[C]([H])[C]([H])[C]1[H]
0157_22,1,[H][C]1[C]([H])[C]([H])[C]([H])[C]([H])[C]1[H]
0057_9,1,[H][C]1[C]([H])[C]([H])[C]([H])[C]([H])[C]1[H]
0160_7,1,[H][C]1[C]([H])[C]([H])[C]([H])[C]([H])[C]1[H]
0085_10,1,[H][C]1[C]([H])[C]([H])[C]([H])[C]([H])[C]1[H]
0064_13,1,[H][C]1[C]([H])[C]([H])[C]([H])[C]([H])[C]1[H]
0131_12,1,[H][C]1[C]([H])[C]([H])[C]([H])[C]([H])[C]1[H]
0010_23,1,[H][C]1[C]([H])[C]([H])[C]([H])[C]([H])[C]1[H]
0142_17,1,[H][C]1[C]([H])[C]([H])[C]([H])[C]([H])[C]1[H]
0073_8,1,[H][C]1[C]([H])[C]([H])[C]([H])[C]([H])[C]1[H]
0127_5,1,[H][C]1[C]([H])[C]([H])[C]([H])[C]([H])[C]1[H]
0017_16,1,[H][C]1[C]([H])[C]([H])[C]([H])[C]([H])[C]1[H]
0112_8,2,[H][C]1[C]([H])[C]([H])[C]([H])[C]([H])[C]1[H]
0003_5,2,[H][C]1[C]([H])[C]([H])[C]([H])[C]([H])[C]1[H]
0046_5,1,[H][C]1[C]([H])[C]([H])[C]([H])[C]([H])[C]1[H]
0142_13,2,[H][C]1[C]([H])[C]([H])[C]([H])[C]([H])[C]1[H]
0117_12,1,[H][C]1[C]([H])[C]([H])[C]([H])[C]([H])[C]1[H]
0080_3,1,[H][C]1[C]([H])[C]([H])[C]([H])[C]([H])[C]1[H]
0017_12,1,[H][C]1[C]([H])[C]([H])[C]([H])[C]([H])[C]1[H]
0159_7,1,[H][C]1[C]([H])[C]([H])[C]([H])[C]([H])[C]1[H]
0044_7,1,[H][C]1[C]([H])[C]([H])[C]([H])[C]([H])[C]1[H]
0109_12,1,[H][C]1[C]([H])[C]([H])[C]([H])[C]([H])[C]1[H]
0052_16,1,[H][C]1[C]([H])[C]([H])[C]([H])[C]([H])[C]1[H]
0009_12,1,[H][C]1[C]([H])[C]([H])[C]([H])[C]([H])[C]1[H]
0173_9,2,[H][C]1[C]([H])[C]([H])[C]([H])[C]([H])[C]1[H]
0155_23,1,[H][C]1[C]([H])[C]([H])[C]([H])[C]([H])[C]1[H]
0174_12,1,[H][C]1[C]([H])[C]([H])[C]([H])[C]([H])[C]1[H]
0138_6,1,[H][C]1[C]([H])[C]([H])[C]([H])[C]([H])[C]1[H]
0150_13,1,[H][C]1[C]([H])[C]([H])[C]([H])[C]([H])[C]1[H]
0166_5,2,[H][C]1[C]([H])[C]([H])[C]([H])[C]([H])[C]1[H]
0077_8,1,[H][C]1[C]([H])[C]([H])[C]([H])[C]([H])[C]1[H]
0032_8,1,[H][C]1[C]([H])[C]([H])[C]([H])[C]([H])[C]1[H]
0105_12,1,[H][C]1[C]([H])[C]([H])[C]([H])[C]([H])[C]1[H]
0176_17,1,[H][C]1[C]([H])[C]([H])[C]([H])[C]([H])[C]1[H]
0079_7,2,[H][C]1[C]([H])[C]([H])[C]([H])[C]([H])[C]1[H]
0123_16,1,[H][C]1[C]([H])[C]([H])[C]([H])[C]([H])[C]1[H]
0178_12,1,[H][C]1[C]([H])[C]([H])[C]([H])[C]([H])[C]1[H]
0053_9,2,[H][C]1[C]([H])[C]([H])[C]([H])[C]([H])[C]1[H]
0040_16,1,[H][C]1[C]([H])[C]([H])[C]([H])[C]([H])[C]1[H]
0016_9,1,[H][C]1[C]([H])[C]([H])[C]([H])[C]([H])[C]1[H]
0140_16,1,[H][C]1[C]([H])[C]([H])[C]([H])[C]([H])[C]1[H]
0164_7,1,[H][C]1[C]([H])[C]([H])[C]([H])[C]([H])[C]1[H]
0097_14,1,[H][C]1[C]([H])[C]([H])[C]([H])[C]([H])[C]1[H]
0066_12,1,[H][C]1[C]([H])[C]([H])[C]([H])[C]([H])[C]1[H]
0166_12,1,[H][C]1[C]([H])[C]([H])[C]([H])[C]([H])[C]1[H]
0066_13,1,[H][C]1[C]([H])[C]([H])[C]([H])[C]([H])[C]1[H]
0097_15,1,[H][C]1[C]([H])[C]([H])[C]([H])[C]([H])[C]1[H]
0099_10,1,[H][C]1[C]([H])[C]([H])[C]([H])[C]([H])[C]1[H]
0164_6,1,[H][C]1[C]([H])[C]([H])[C]([H])[C]([H])[C]1[H]
0142_5,2,[H][C]1[C]([H])[C]([H])[C]([H])[C]([H])[C]1[H]
0053_8,2,[H][C]1[C]([H])[C]([H])[C]([H])[C]([H])[C]1[H]
0016_8,1,[H][C]1[C]([H])[C]([H])[C]([H])[C]([H])[C]1[H]
0040_17,1,[H][C]1[C]([H])[C]([H])[C]([H])[C]([H])[C]1[H]
0099_3,2,[H][C]1[C]([H])[C]([H])[C]([H])[C]([H])[C]1[H]
0176_16,1,[H][C]1[C]([H])[C]([H])[C]([H])[C]([H])[C]1[H]
0079_6,2,[H][C]1[C]([H])[C]([H])[C]([H])[C]([H])[C]1[H]
0087_10,1,[H][C]1[C]([H])[C]([H])[C]([H])[C]([H])[C]1[H]
0105_13,1,[H][C]1[C]([H])[C]([H])[C]([H])[C]([H])[C]1[H]
0032_9,1,[H][C]1[C]([H])[C]([H])[C]([H])[C]([H])[C]1[H]
0123_4,2,[H][C]1[C]([H])[C]([H])[C]([H])[C]([H])[C]1[H]
0105_7,1,[H][C]1[C]([H])[C]([H])[C]([H])[C]([H])[C]1[H]
0150_12,1,[H][C]1[C]([H])[C]([H])[C]([H])[C]([H])[C]1[H]
0140_7,2,[H][C]1[C]([H])[C]([H])[C]([H])[C]([H])[C]1[H]
0021_12,1,[H][C]1[C]([H])[C]([H])[C]([H])[C]([H])[C]1[H]
0174_13,1,[H][C]1[C]([H])[C]([H])[C]([H])[C]([H])[C]1[H]
0155_22,1,[H][C]1[C]([H])[C]([H])[C]([H])[C]([H])[C]1[H]
0173_8,2,[H][C]1[C]([H])[C]([H])[C]([H])[C]([H])[C]1[H]
0062_5,2,[H][C]1[C]([H])[C]([H])[C]([H])[C]([H])[C]1[H]
0009_13,1,[H][C]1[C]([H])[C]([H])[C]([H])[C]([H])[C]1[H]
0109_13,1,[H][C]1[C]([H])[C]([H])[C]([H])[C]([H])[C]1[H]
0159_6,1,[H][C]1[C]([H])[C]([H])[C]([H])[C]([H])[C]1[H]
0017_13,1,[H][C]1[C]([H])[C]([H])[C]([H])[C]([H])[C]1[H]
0117_13,1,[H][C]1[C]([H])[C]([H])[C]([H])[C]([H])[C]1[H]
0144_3,1,[H][C]1[C]([H])[C]([H])[C]([H])[C]([H])[C]1[H]
0142_12,2,[H][C]1[C]([H])[C]([H])[C]([H])[C]([H])[C]1[H]
0003_4,2,[H][C]1[C]([H])[C]([H])[C]([H])[C]([H])[C]1[H]
0046_4,1,[H][C]1[C]([H])[C]([H])[C]([H])[C]([H])[C]1[H]
0157_9,2,[H][C]1[C]([H])[C]([H])[C]([H])[C]([H])[C]1[H]
0010_24,1,[H][C]1[C]([H])[C]([H])[C]([H])[C]([H])[C]1[H]
0142_10,2,[H][C]1[C]([H])[C]([H])[C]([H])[C]([H])[C]1[H]
0171_8,1,[H][C]1[C]([H])[C]([H])[C]([H])[C]([H])[C]1[H]
0046_6,1,[H][C]1[C]([H])[C]([H])[C]([H])[C]([H])[C]1[H]
0003_6,2,[H][C]1[C]([H])[C]([H])[C]([H])[C]([H])[C]1[H]
0010_18,2,[H][C]1[C]([H])[C]([H])[C]([H])[C]([H])[C]1[H]
0017_11,1,[H][C]1[C]([H])[C]([H])[C]([H])[C]([H])[C]1[H]
0117_11,1,[H][C]1[C]([H])[C]([H])[C]([H])[C]([H])[C]1[H]
0048_9,1,[H][C]1[C]([H])[C]([H])[C]([H])[C]([H])[C]1[H]
0131_15,1,[H][C]1[C]([H])[C]([H])[C]([H])[C]([H])[C]1[H]
0062_7,2,[H][C]1[C]([H])[C]([H])[C]([H])[C]([H])[C]1[H]
0009_11,1,[H][C]1[C]([H])[C]([H])[C]([H])[C]([H])[C]1[H]
0052_15,1,[H][C]1[C]([H])[C]([H])[C]([H])[C]([H])[C]1[H]
0109_11,1,[H][C]1[C]([H])[C]([H])[C]([H])[C]([H])[C]1[H]
0155_20,1,[H][C]1[C]([H])[C]([H])[C]([H])[C]([H])[C]1[H]
0174_11,1,[H][C]1[C]([H])[C]([H])[C]([H])[C]([H])[C]1[H]
0138_5,1,[H][C]1[C]([H])[C]([H])[C]([H])[C]([H])[C]1[H]
0021_10,1,[H][C]1[C]([H])[C]([H])[C]([H])[C]([H])[C]1[H]
0166_6,1,[H][C]1[C]([H])[C]([H])[C]([H])[C]([H])[C]1[H]
0150_10,1,[H][C]1[C]([H])[C]([H])[C]([H])[C]([H])[C]1[H]
0014_8,1,[H][C]1[C]([H])[C]([H])[C]([H])[C]([H])[C]1[H]
0157_19,1,[H][C]1[C]([H])[C]([H])[C]([H])[C]([H])[C]1[H]
0084_4,2,[H][C]1[C]([H])[C]([H])[C]([H])[C]([H])[C]1[H]
0176_14,1,[H][C]1[C]([H])[C]([H])[C]([H])[C]([H])[C]1[H]
0178_11,1,[H][C]1[C]([H])[C]([H])[C]([H])[C]([H])[C]1[H]
0123_15,1,[H][C]1[C]([H])[C]([H])[C]([H])[C]([H])[C]1[H]
0140_15,1,[H][C]1[C]([H])[C]([H])[C]([H])[C]([H])[C]1[H]
0075_9,1,[H][C]1[C]([H])[C]([H])[C]([H])[C]([H])[C]1[H]
0164_4,1,[H][C]1[C]([H])[C]([H])[C]([H])[C]([H])[C]1[H]
0030_9,2,[H][C]1[C]([H])[C]([H])[C]([H])[C]([H])[C]1[H]
0040_15,1,[H][C]1[C]([H])[C]([H])[C]([H])[C]([H])[C]1[H]
0086_6,2,[H][C]1[C]([H])[C]([H])[C]([H])[C]([H])[C]1[H]
0166_11,1,[H][C]1[C]([H])[C]([H])[C]([H])[C]([H])[C]1[H]
0109_8,1,[H][C]1[C]([H])[C]([H])[C]([H])[C]([H])[C]1[H]
0066_11,1,[H][C]1[C]([H])[C]([H])[C]([H])[C]([H])[C]1[H]
0068_14,1,[H][C]1[C]([H])[C]([H])[C]([H])[C]([H])[C]1[H]
0033_10,1,[H][C]1[C]([H])[C]([H])[C]([H])[C]([H])[C]1[H]
0088_9,2,[H][C]1[C]([H])[C]([H])[C]([H])[C]([H])[C]1[H]
0088_8,2,[H][C]1[C]([H])[C]([H])[C]([H])[C]([H])[C]1[H]
0066_10,1,[H][C]1[C]([H])[C]([H])[C]([H])[C]([H])[C]1[H]
0109_9,2,[H][C]1[C]([H])[C]([H])[C]([H])[C]([H])[C]1[H]
0040_14,2,[H][C]1[C]([H])[C]([H])[C]([H])[C]([H])[C]1[H]
0140_14,1,[H][C]1[C]([H])[C]([H])[C]([H])[C]([H])[C]1[H]
0078_10,1,[H][C]1[C]([H])[C]([H])[C]([H])[C]([H])[C]1[H]
0178_10,1,[H][C]1[C]([H])[C]([H])[C]([H])[C]([H])[C]1[H]
0123_14,1,[H][C]1[C]([H])[C]([H])[C]([H])[C]([H])[C]1[H]
0079_5,2,[H][C]1[C]([H])[C]([H])[C]([H])[C]([H])[C]1[H]
0176_15,1,[H][C]1[C]([H])[C]([H])[C]([H])[C]([H])[C]1[H]
0157_24,1,[H][C]1[C]([H])[C]([H])[C]([H])[C]([H])[C]1[H]
0084_5,2,[H][C]1[C]([H])[C]([H])[C]([H])[C]([H])[C]1[H]
0051_9,1,[H][C]1[C]([H])[C]([H])[C]([H])[C]([H])[C]1[H]
0150_11,1,[H][C]1[C]([H])[C]([H])[C]([H])[C]([H])[C]1[H]
0140_4,2,[H][C]1[C]([H])[C]([H])[C]([H])[C]([H])[C]1[H]
0014_9,1,[H][C]1[C]([H])[C]([H])[C]([H])[C]([H])[C]1[H]
0105_4,2,[H][C]1[C]([H])[C]([H])[C]([H])[C]([H])[C]1[H]
0166_7,1,[H][C]1[C]([H])[C]([H])[C]([H])[C]([H])[C]1[H]
0021_11,1,[H][C]1[C]([H])[C]([H])[C]([H])[C]([H])[C]1[H]
0138_4,2,[H][C]1[C]([H])[C]([H])[C]([H])[C]([H])[C]1[H]
0029_9,1,[H][C]1[C]([H])[C]([H])[C]([H])[C]([H])[C]1[H]
0174_10,1,[H][C]1[C]([H])[C]([H])[C]([H])[C]([H])[C]1[H]
0155_21,1,[H][C]1[C]([H])[C]([H])[C]([H])[C]([H])[C]1[H]
0000_20,1,[H][C]1[C]([H])[C]([H])[C]([H])[C]([H])[C]1[H]
0109_10,1,[H][C]1[C]([H])[C]([H])[C]([H])[C]([H])[C]1[H]
0044_5,2,[H][C]1[C]([H])[C]([H])[C]([H])[C]([H])[C]1[H]
0009_10,1,[H][C]1[C]([H])[C]([H])[C]([H])[C]([H])[C]1[H]
0062_6,2,[H][C]1[C]([H])[C]([H])[C]([H])[C]([H])[C]1[H]
0052_14,1,[H][C]1[C]([H])[C]([H])[C]([H])[C]([H])[C]1[H]
0131_14,1,[H][C]1[C]([H])[C]([H])[C]([H])[C]([H])[C]1[H]
0159_5,1,[H][C]1[C]([H])[C]([H])[C]([H])[C]([H])[C]1[H]
0117_10,1,[H][C]1[C]([H])[C]([H])[C]([H])[C]([H])[C]1[H]
0010_19,2,[H][C]1[C]([H])[C]([H])[C]([H])[C]([H])[C]1[H]
0017_10,1,[H][C]1[C]([H])[C]([H])[C]([H])[C]([H])[C]1[H]
0003_7,1,[H][C]1[C]([H])[C]([H])[C]([H])[C]([H])[C]1[H]
0010_25,1,[H][C]1[C]([H])[C]([H])[C]([H])[C]([H])[C]1[H]
0142_11,2,[H][C]1[C]([H])[C]([H])[C]([H])[C]([H])[C]1[H]
0134_4,2,[H][C]1[C]([H])[C]([H])[C]([H])[C]([H])[C]1[H]
0159_8,1,[H][C]1[C]([H])[C]([H])[C]([H])[C]([H])[C]1[H]
0048_5,1,[H][C]1[C]([H])[C]([H])[C]([H])[C]([H])[C]1[H]
0155_10,2,[H][C]1[C]([H])[C]([H])[C]([H])[C]([H])[C]1[H]
0044_8,1,[H][C]1[C]([H])[C]([H])[C]([H])[C]([H])[C]1[H]
0155_5,2,[H][C]1[C]([H])[C]([H])[C]([H])[C]([H])[C]1[H]
0173_6,2,[H][C]1[C]([H])[C]([H])[C]([H])[C]([H])[C]1[H]
0055_10,1,[H][C]1[C]([H])[C]([H])[C]([H])[C]([H])[C]1[H]
0000_11,1,[H][C]1[C]([H])[C]([H])[C]([H])[C]([H])[C]1[H]
0091_4,1,[H][C]1[C]([H])[C]([H])[C]([H])[C]([H])[C]1[H]
0082_12,2,[H][C]1[C]([H])[C]([H])[C]([H])[C]([H])[C]1[H]
0029_4,2,[H][C]1[C]([H])[C]([H])[C]([H])[C]([H])[C]1[H]
0173_14,1,[H][C]1[C]([H])[C]([H])[C]([H])[C]([H])[C]1[H]
0126_15,1,[H][C]1[C]([H])[C]([H])[C]([H])[C]([H])[C]1[H]
0157_15,2,[H][C]1[C]([H])[C]([H])[C]([H])[C]([H])[C]1[H]
0105_9,2,[H][C]1[C]([H])[C]([H])[C]([H])[C]([H])[C]1[H]
0014_4,1,[H][C]1[C]([H])[C]([H])[C]([H])[C]([H])[C]1[H]
0032_7,2,[H][C]1[C]([H])[C]([H])[C]([H])[C]([H])[C]1[H]
0077_7,1,[H][C]1[C]([H])[C]([H])[C]([H])[C]([H])[C]1[H]
0059_10,1,[H][C]1[C]([H])[C]([H])[C]([H])[C]([H])[C]1[H]
0084_8,2,[H][C]1[C]([H])[C]([H])[C]([H])[C]([H])[C]1[H]
0171_11,1,[H][C]1[C]([H])[C]([H])[C]([H])[C]([H])[C]1[H]
0079_8,1,[H][C]1[C]([H])[C]([H])[C]([H])[C]([H])[C]1[H]
0124_10,1,[H][C]1[C]([H])[C]([H])[C]([H])[C]([H])[C]1[H]
0040_19,1,[H][C]1[C]([H])[C]([H])[C]([H])[C]([H])[C]1[H]
0053_6,2,[H][C]1[C]([H])[C]([H])[C]([H])[C]([H])[C]1[H]
0164_8,1,[H][C]1[C]([H])[C]([H])[C]([H])[C]([H])[C]1[H]
0149_15,1,[H][C]1[C]([H])[C]([H])[C]([H])[C]([H])[C]1[H]
0112_11,2,[H][C]1[C]([H])[C]([H])[C]([H])[C]([H])[C]1[H]
0109_4,1,[H][C]1[C]([H])[C]([H])[C]([H])[C]([H])[C]1[H]
0134_15,1,[H][C]1[C]([H])[C]([H])[C]([H])[C]([H])[C]1[H]
0088_5,1,[H][C]1[C]([H])[C]([H])[C]([H])[C]([H])[C]1[H]
0034_14,1,[H][C]1[C]([H])[C]([H])[C]([H])[C]([H])[C]1[H]
0134_14,1,[H][C]1[C]([H])[C]([H])[C]([H])[C]([H])[C]1[H]
0088_4,2,[H][C]1[C]([H])[C]([H])[C]([H])[C]([H])[C]1[H]
0112_10,2,[H][C]1[C]([H])[C]([H])[C]([H])[C]([H])[C]1[H]
0164_9,1,[H][C]1[C]([H])[C]([H])[C]([H])[C]([H])[C]1[H]
0075_4,2,[H][C]1[C]([H])[C]([H])[C]([H])[C]([H])[C]1[H]
0040_18,1,[H][C]1[C]([H])[C]([H])[C]([H])[C]([H])[C]1[H]
0016_7,2,[H][C]1[C]([H])[C]([H])[C]([H])[C]([H])[C]1[H]
0124_11,1,[H][C]1[C]([H])[C]([H])[C]([H])[C]([H])[C]1[H]
0168_4,1,[H][C]1[C]([H])[C]([H])[C]([H])[C]([H])[C]1[H]
0171_10,1,[H][C]1[C]([H])[C]([H])[C]([H])[C]([H])[C]1[H]
0084_9,2,[H][C]1[C]([H])[C]([H])[C]([H])[C]([H])[C]1[H]
0059_11,1,[H][C]1[C]([H])[C]([H])[C]([H])[C]([H])[C]1[H]
0077_6,1,[H][C]1[C]([H])[C]([H])[C]([H])[C]([H])[C]1[H]
0140_8,2,[H][C]1[C]([H])[C]([H])[C]([H])[C]([H])[C]1[H]
0014_5,1,[H][C]1[C]([H])[C]([H])[C]([H])[C]([H])[C]1[H]
0105_8,2,[H][C]1[C]([H])[C]([H])[C]([H])[C]([H])[C]1[H]
0126_14,1,[H][C]1[C]([H])[C]([H])[C]([H])[C]([H])[C]1[H]
0026_14,1,[H][C]1[C]([H])[C]([H])[C]([H])[C]([H])[C]1[H]
0173_15,1,[H][C]1[C]([H])[C]([H])[C]([H])[C]([H])[C]1[H]
0082_13,1,[H][C]1[C]([H])[C]([H])[C]([H])[C]([H])[C]1[H]
0091_5,1,[H][C]1[C]([H])[C]([H])[C]([H])[C]([H])[C]1[H]
0000_10,1,[H][C]1[C]([H])[C]([H])[C]([H])[C]([H])[C]1[H]
0055_11,1,[H][C]1[C]([H])[C]([H])[C]([H])[C]([H])[C]1[H]
0173_7,2,[H][C]1[C]([H])[C]([H])[C]([H])[C]([H])[C]1[H]
0012_3,2,[H][C]1[C]([H])[C]([H])[C]([H])[C]([H])[C]1[H]
0044_9,1,[H][C]1[C]([H])[C]([H])[C]([H])[C]([H])[C]1[H]
0163_10,1,[H][C]1[C]([H])[C]([H])[C]([H])[C]([H])[C]1[H]
0134_5,1,[H][C]1[C]([H])[C]([H])[C]([H])[C]([H])[C]1[H]
0017_20,1,[H][C]1[C]([H])[C]([H])[C]([H])[C]([H])[C]1[H]
0157_6,2,[H][C]1[C]([H])[C]([H])[C]([H])[C]([H])[C]1[H]
0112_6,2,[H][C]1[C]([H])[C]([H])[C]([H])[C]([H])[C]1[H]
0055_3,2,[H][C]1[C]([H])[C]([H])[C]([H])[C]([H])[C]1[H]
0010_3,1,[H][C]1[C]([H])[C]([H])[C]([H])[C]([H])[C]1[H]
0134_7,1,[H][C]1[C]([H])[C]([H])[C]([H])[C]([H])[C]1[H]
0112_4,2,[H][C]1[C]([H])[C]([H])[C]([H])[C]([H])[C]1[H]
0003_9,2,[H][C]1[C]([H])[C]([H])[C]([H])[C]([H])[C]1[H]
0046_9,1,[H][C]1[C]([H])[C]([H])[C]([H])[C]([H])[C]1[H]
0010_17,2,[H][C]1[C]([H])[C]([H])[C]([H])[C]([H])[C]1[H]
0062_8,2,[H][C]1[C]([H])[C]([H])[C]([H])[C]([H])[C]1[H]
0155_6,2,[H][C]1[C]([H])[C]([H])[C]([H])[C]([H])[C]1[H]
0091_7,1,[H][C]1[C]([H])[C]([H])[C]([H])[C]([H])[C]1[H]
0082_11,1,[H][C]1[C]([H])[C]([H])[C]([H])[C]([H])[C]1[H]
0000_12,1,[H][C]1[C]([H])[C]([H])[C]([H])[C]([H])[C]1[H]
0148_3,2,[H][C]1[C]([H])[C]([H])[C]([H])[C]([H])[C]1[H]
0029_7,2,[H][C]1[C]([H])[C]([H])[C]([H])[C]([H])[C]1[H]
0126_16,1,[H][C]1[C]([H])[C]([H])[C]([H])[C]([H])[C]1[H]
0166_9,1,[H][C]1[C]([H])[C]([H])[C]([H])[C]([H])[C]1[H]
0051_7,1,[H][C]1[C]([H])[C]([H])[C]([H])[C]([H])[C]1[H]
0059_13,1,[H][C]1[C]([H])[C]([H])[C]([H])[C]([H])[C]1[H]
0071_12,1,[H][C]1[C]([H])[C]([H])[C]([H])[C]([H])[C]1[H]
0171_12,1,[H][C]1[C]([H])[C]([H])[C]([H])[C]([H])[C]1[H]
0168_6,1,[H][C]1[C]([H])[C]([H])[C]([H])[C]([H])[C]1[H]
0124_13,1,[H][C]1[C]([H])[C]([H])[C]([H])[C]([H])[C]1[H]
0030_6,2,[H][C]1[C]([H])[C]([H])[C]([H])[C]([H])[C]1[H]
0075_6,2,[H][C]1[C]([H])[C]([H])[C]([H])[C]([H])[C]1[H]
0053_5,2,[H][C]1[C]([H])[C]([H])[C]([H])[C]([H])[C]1[H]
0095_3,1,[H][C]1[C]([H])[C]([H])[C]([H])[C]([H])[C]1[H]
0112_12,2,[H][C]1[C]([H])[C]([H])[C]([H])[C]([H])[C]1[H]
0149_16,1,[H][C]1[C]([H])[C]([H])[C]([H])[C]([H])[C]1[H]
0109_7,2,[H][C]1[C]([H])[C]([H])[C]([H])[C]([H])[C]1[H]
0088_6,2,[H][C]1[C]([H])[C]([H])[C]([H])[C]([H])[C]1[H]
0088_7,2,[H][C]1[C]([H])[C]([H])[C]([H])[C]([H])[C]1[H]
0109_6,2,[H][C]1[C]([H])[C]([H])[C]([H])[C]([H])[C]1[H]
0112_13,2,[H][C]1[C]([H])[C]([H])[C]([H])[C]([H])[C]1[H]
0016_4,1,[H][C]1[C]([H])[C]([H])[C]([H])[C]([H])[C]1[H]
0114_3,1,[H][C]1[C]([H])[C]([H])[C]([H])[C]([H])[C]1[H]
0124_12,1,[H][C]1[C]([H])[C]([H])[C]([H])[C]([H])[C]1[H]
0009_3,1,[H][C]1[C]([H])[C]([H])[C]([H])[C]([H])[C]1[H]
0171_13,1,[H][C]1[C]([H])[C]([H])[C]([H])[C]([H])[C]1[H]
0071_13,1,[H][C]1[C]([H])[C]([H])[C]([H])[C]([H])[C]1[H]
0059_12,1,[H][C]1[C]([H])[C]([H])[C]([H])[C]([H])[C]1[H]
0080_15,1,[H][C]1[C]([H])[C]([H])[C]([H])[C]([H])[C]1[H]
0157_17,2,[H][C]1[C]([H])[C]([H])[C]([H])[C]([H])[C]1[H]
0051_6,2,[H][C]1[C]([H])[C]([H])[C]([H])[C]([H])[C]1[H]
0077_5,1,[H][C]1[C]([H])[C]([H])[C]([H])[C]([H])[C]1[H]
0166_8,1,[H][C]1[C]([H])[C]([H])[C]([H])[C]([H])[C]1[H]
0123_8,2,[H][C]1[C]([H])[C]([H])[C]([H])[C]([H])[C]1[H]
0126_17,1,[H][C]1[C]([H])[C]([H])[C]([H])[C]([H])[C]1[H]
0173_16,1,[H][C]1[C]([H])[C]([H])[C]([H])[C]([H])[C]1[H]
0000_13,1,[H][C]1[C]([H])[C]([H])[C]([H])[C]([H])[C]1[H]
0082_10,1,[H][C]1[C]([H])[C]([H])[C]([H])[C]([H])[C]1[H]
0091_6,1,[H][C]1[C]([H])[C]([H])[C]([H])[C]([H])[C]1[H]
0071_3,2,[H][C]1[C]([H])[C]([H])[C]([H])[C]([H])[C]1[H]
0062_9,2,[H][C]1[C]([H])[C]([H])[C]([H])[C]([H])[C]1[H]
0048_7,1,[H][C]1[C]([H])[C]([H])[C]([H])[C]([H])[C]1[H]
0010_16,1,[H][C]1[C]([H])[C]([H])[C]([H])[C]([H])[C]1[H]
0003_8,2,[H][C]1[C]([H])[C]([H])[C]([H])[C]([H])[C]1[H]
0046_8,1,[H][C]1[C]([H])[C]([H])[C]([H])[C]([H])[C]1[H]
0157_5,2,[H][C]1[C]([H])[C]([H])[C]([H])[C]([H])[C]1[H]
0171_6,1,[H][C]1[C]([H])[C]([H])[C]([H])[C]([H])[C]1[H]
0010_12,2,[H][C]1[C]([H])[C]([H])[C]([H])[C]([H])[C]1[H]
0055_6,1,[H][C]1[C]([H])[C]([H])[C]([H])[C]([H])[C]1[H]
0162_8,1,[H][C]1[C]([H])[C]([H])[C]([H])[C]([H])[C]1[H]
0082_14,1,[H][C]1[C]([H])[C]([H])[C]([H])[C]([H])[C]1[H]
0082_8,1,[H][C]1[C]([H])[C]([H])[C]([H])[C]([H])[C]1[H]
0057_4,2,[H][C]1[C]([H])[C]([H])[C]([H])[C]([H])[C]1[H]
0155_16,2,[H][C]1[C]([H])[C]([H])[C]([H])[C]([H])[C]1[H]
0034_7,1,[H][C]1[C]([H])[C]([H])[C]([H])[C]([H])[C]1[H]
0155_3,2,[H][C]1[C]([H])[C]([H])[C]([H])[C]([H])[C]1[H]
0071_7,2,[H][C]1[C]([H])[C]([H])[C]([H])[C]([H])[C]1[H]
0126_13,1,[H][C]1[C]([H])[C]([H])[C]([H])[C]([H])[C]1[H]
0026_13,1,[H][C]1[C]([H])[C]([H])[C]([H])[C]([H])[C]1[H]
0080_11,2,[H][C]1[C]([H])[C]([H])[C]([H])[C]([H])[C]1[H]
0042_8,1,[H][C]1[C]([H])[C]([H])[C]([H])[C]([H])[C]1[H]
0130_6,2,[H][C]1[C]([H])[C]([H])[C]([H])[C]([H])[C]1[H]
0171_17,1,[H][C]1[C]([H])[C]([H])[C]([H])[C]([H])[C]1[H]
0168_3,1,[H][C]1[C]([H])[C]([H])[C]([H])[C]([H])[C]1[H]
0149_13,1,[H][C]1[C]([H])[C]([H])[C]([H])[C]([H])[C]1[H]
0095_6,1,[H][C]1[C]([H])[C]([H])[C]([H])[C]([H])[C]1[H]
0151_7,1,[H][C]1[C]([H])[C]([H])[C]([H])[C]([H])[C]1[H]
0023_9,1,[H][C]1[C]([H])[C]([H])[C]([H])[C]([H])[C]1[H]
0066_9,1,[H][C]1[C]([H])[C]([H])[C]([H])[C]([H])[C]1[H]
0034_13,1,[H][C]1[C]([H])[C]([H])[C]([H])[C]([H])[C]1[H]
0134_13,1,[H][C]1[C]([H])[C]([H])[C]([H])[C]([H])[C]1[H]
0061_12,1,[H][C]1[C]([H])[C]([H])[C]([H])[C]([H])[C]1[H]
0061_13,1,[H][C]1[C]([H])[C]([H])[C]([H])[C]([H])[C]1[H]
0034_12,1,[H][C]1[C]([H])[C]([H])[C]([H])[C]([H])[C]1[H]
0023_8,1,[H][C]1[C]([H])[C]([H])[C]([H])[C]([H])[C]1[H]
0132_5,1,[H][C]1[C]([H])[C]([H])[C]([H])[C]([H])[C]1[H]
0177_5,1,[H][C]1[C]([H])[C]([H])[C]([H])[C]([H])[C]1[H]
0151_6,1,[H][C]1[C]([H])[C]([H])[C]([H])[C]([H])[C]1[H]
0114_6,1,[H][C]1[C]([H])[C]([H])[C]([H])[C]([H])[C]1[H]
0149_12,2,[H][C]1[C]([H])[C]([H])[C]([H])[C]([H])[C]1[H]
0112_16,1,[H][C]1[C]([H])[C]([H])[C]([H])[C]([H])[C]1[H]
0049_12,1,[H][C]1[C]([H])[C]([H])[C]([H])[C]([H])[C]1[H]
0171_16,1,[H][C]1[C]([H])[C]([H])[C]([H])[C]([H])[C]1[H]
0014_3,1,[H][C]1[C]([H])[C]([H])[C]([H])[C]([H])[C]1[H]
0130_7,1,[H][C]1[C]([H])[C]([H])[C]([H])[C]([H])[C]1[H]
0157_12,2,[H][C]1[C]([H])[C]([H])[C]([H])[C]([H])[C]1[H]
0116_4,2,[H][C]1[C]([H])[C]([H])[C]([H])[C]([H])[C]1[H]
0153_4,2,[H][C]1[C]([H])[C]([H])[C]([H])[C]([H])[C]1[H]
0080_10,2,[H][C]1[C]([H])[C]([H])[C]([H])[C]([H])[C]1[H]
0029_3,2,[H][C]1[C]([H])[C]([H])[C]([H])[C]([H])[C]1[H]
0148_7,2,[H][C]1[C]([H])[C]([H])[C]([H])[C]([H])[C]1[H]
0173_13,1,[H][C]1[C]([H])[C]([H])[C]([H])[C]([H])[C]1[H]
0026_12,1,[H][C]1[C]([H])[C]([H])[C]([H])[C]([H])[C]1[H]
0126_12,1,[H][C]1[C]([H])[C]([H])[C]([H])[C]([H])[C]1[H]
0155_17,2,[H][C]1[C]([H])[C]([H])[C]([H])[C]([H])[C]1[H]
0057_5,2,[H][C]1[C]([H])[C]([H])[C]([H])[C]([H])[C]1[H]
0012_5,2,[H][C]1[C]([H])[C]([H])[C]([H])[C]([H])[C]1[H]
0082_9,1,[H][C]1[C]([H])[C]([H])[C]([H])[C]([H])[C]1[H]
0082_15,1,[H][C]1[C]([H])[C]([H])[C]([H])[C]([H])[C]1[H]
0129_6,1,[H][C]1[C]([H])[C]([H])[C]([H])[C]([H])[C]1[H]
0162_9,1,[H][C]1[C]([H])[C]([H])[C]([H])[C]([H])[C]1[H]
0073_4,1,[H][C]1[C]([H])[C]([H])[C]([H])[C]([H])[C]1[H]
0055_7,1,[H][C]1[C]([H])[C]([H])[C]([H])[C]([H])[C]1[H]
0017_18,1,[H][C]1[C]([H])[C]([H])[C]([H])[C]([H])[C]1[H]
0010_11,2,[H][C]1[C]([H])[C]([H])[C]([H])[C]([H])[C]1[H]
0073_6,1,[H][C]1[C]([H])[C]([H])[C]([H])[C]([H])[C]1[H]
0144_8,2,[H][C]1[C]([H])[C]([H])[C]([H])[C]([H])[C]1[H]
0142_19,1,[H][C]1[C]([H])[C]([H])[C]([H])[C]([H])[C]1[H]
0010_5,1,[H][C]1[C]([H])[C]([H])[C]([H])[C]([H])[C]1[H]
0129_4,2,[H][C]1[C]([H])[C]([H])[C]([H])[C]([H])[C]1[H]
0000_14,1,[H][C]1[C]([H])[C]([H])[C]([H])[C]([H])[C]1[H]
0160_9,1,[H][C]1[C]([H])[C]([H])[C]([H])[C]([H])[C]1[H]
0155_15,2,[H][C]1[C]([H])[C]([H])[C]([H])[C]([H])[C]1[H]
0034_4,1,[H][C]1[C]([H])[C]([H])[C]([H])[C]([H])[C]1[H]
0012_7,1,[H][C]1[C]([H])[C]([H])[C]([H])[C]([H])[C]1[H]
0173_3,2,[H][C]1[C]([H])[C]([H])[C]([H])[C]([H])[C]1[H]
0026_10,1,[H][C]1[C]([H])[C]([H])[C]([H])[C]([H])[C]1[H]
0126_10,1,[H][C]1[C]([H])[C]([H])[C]([H])[C]([H])[C]1[H]
0148_5,2,[H][C]1[C]([H])[C]([H])[C]([H])[C]([H])[C]1[H]
0059_8,1,[H][C]1[C]([H])[C]([H])[C]([H])[C]([H])[C]1[H]
0097_7,2,[H][C]1[C]([H])[C]([H])[C]([H])[C]([H])[C]1[H]
0080_12,1,[H][C]1[C]([H])[C]([H])[C]([H])[C]([H])[C]1[H]
0157_10,2,[H][C]1[C]([H])[C]([H])[C]([H])[C]([H])[C]1[H]
0021_8,1,[H][C]1[C]([H])[C]([H])[C]([H])[C]([H])[C]1[H]
0130_5,2,[H][C]1[C]([H])[C]([H])[C]([H])[C]([H])[C]1[H]
0175_5,2,[H][C]1[C]([H])[C]([H])[C]([H])[C]([H])[C]1[H]
0057_10,2,[H][C]1[C]([H])[C]([H])[C]([H])[C]([H])[C]1[H]
0099_8,2,[H][C]1[C]([H])[C]([H])[C]([H])[C]([H])[C]1[H]
0009_4,1,[H][C]1[C]([H])[C]([H])[C]([H])[C]([H])[C]1[H]
0171_14,1,[H][C]1[C]([H])[C]([H])[C]([H])[C]([H])[C]1[H]
0071_14,1,[H][C]1[C]([H])[C]([H])[C]([H])[C]([H])[C]1[H]
0112_14,1,[H][C]1[C]([H])[C]([H])[C]([H])[C]([H])[C]1[H]
0095_5,1,[H][C]1[C]([H])[C]([H])[C]([H])[C]([H])[C]1[H]
0177_7,1,[H][C]1[C]([H])[C]([H])[C]([H])[C]([H])[C]1[H]
0132_7,1,[H][C]1[C]([H])[C]([H])[C]([H])[C]([H])[C]1[H]
0114_4,1,[H][C]1[C]([H])[C]([H])[C]([H])[C]([H])[C]1[H]
0040_9,1,[H][C]1[C]([H])[C]([H])[C]([H])[C]([H])[C]1[H]
0134_10,2,[H][C]1[C]([H])[C]([H])[C]([H])[C]([H])[C]1[H]
0034_10,1,[H][C]1[C]([H])[C]([H])[C]([H])[C]([H])[C]1[H]
0061_11,1,[H][C]1[C]([H])[C]([H])[C]([H])[C]([H])[C]1[H]
0068_5,2,[H][C]1[C]([H])[C]([H])[C]([H])[C]([H])[C]1[H]
0061_10,1,[H][C]1[C]([H])[C]([H])[C]([H])[C]([H])[C]1[H]
0034_11,1,[H][C]1[C]([H])[C]([H])[C]([H])[C]([H])[C]1[H]
0134_11,2,[H][C]1[C]([H])[C]([H])[C]([H])[C]([H])[C]1[H]
0114_5,1,[H][C]1[C]([H])[C]([H])[C]([H])[C]([H])[C]1[H]
0049_11,1,[H][C]1[C]([H])[C]([H])[C]([H])[C]([H])[C]1[H]
0095_4,1,[H][C]1[C]([H])[C]([H])[C]([H])[C]([H])[C]1[H]
0112_15,1,[H][C]1[C]([H])[C]([H])[C]([H])[C]([H])[C]1[H]
0149_11,1,[H][C]1[C]([H])[C]([H])[C]([H])[C]([H])[C]1[H]
0118_8,1,[H][C]1[C]([H])[C]([H])[C]([H])[C]([H])[C]1[H]
0171_15,1,[H][C]1[C]([H])[C]([H])[C]([H])[C]([H])[C]1[H]
0124_14,1,[H][C]1[C]([H])[C]([H])[C]([H])[C]([H])[C]1[H]
0057_11,1,[H][C]1[C]([H])[C]([H])[C]([H])[C]([H])[C]1[H]
0032_3,1,[H][C]1[C]([H])[C]([H])[C]([H])[C]([H])[C]1[H]
0021_9,1,[H][C]1[C]([H])[C]([H])[C]([H])[C]([H])[C]1[H]
0157_11,2,[H][C]1[C]([H])[C]([H])[C]([H])[C]([H])[C]1[H]
0175_4,2,[H][C]1[C]([H])[C]([H])[C]([H])[C]([H])[C]1[H]
0064_9,1,[H][C]1[C]([H])[C]([H])[C]([H])[C]([H])[C]1[H]
0080_13,1,[H][C]1[C]([H])[C]([H])[C]([H])[C]([H])[C]1[H]
0097_6,2,[H][C]1[C]([H])[C]([H])[C]([H])[C]([H])[C]1[H]
0059_9,1,[H][C]1[C]([H])[C]([H])[C]([H])[C]([H])[C]1[H]
0173_10,2,[H][C]1[C]([H])[C]([H])[C]([H])[C]([H])[C]1[H]
0126_11,1,[H][C]1[C]([H])[C]([H])[C]([H])[C]([H])[C]1[H]
0026_11,1,[H][C]1[C]([H])[C]([H])[C]([H])[C]([H])[C]1[H]
0071_5,2,[H][C]1[C]([H])[C]([H])[C]([H])[C]([H])[C]1[H]
0082_16,1,[H][C]1[C]([H])[C]([H])[C]([H])[C]([H])[C]1[H]
0000_15,1,[H][C]1[C]([H])[C]([H])[C]([H])[C]([H])[C]1[H]
0129_5,2,[H][C]1[C]([H])[C]([H])[C]([H])[C]([H])[C]1[H]
0142_18,1,[H][C]1[C]([H])[C]([H])[C]([H])[C]([H])[C]1[H]
0144_9,2,[H][C]1[C]([H])[C]([H])[C]([H])[C]([H])[C]1[H]
0055_4,2,[H][C]1[C]([H])[C]([H])[C]([H])[C]([H])[C]1[H]
0157_3,2,[H][C]1[C]([H])[C]([H])[C]([H])[C]([H])[C]1[H]
0017_19,1,[H][C]1[C]([H])[C]([H])[C]([H])[C]([H])[C]1[H]
0010_10,2,[H][C]1[C]([H])[C]([H])[C]([H])[C]([H])[C]1[H]
0080_8,2,[H][C]1[C]([H])[C]([H])[C]([H])[C]([H])[C]1[H]
0074_6,2,[H][C]1[C]([H])[C]([H])[C]([H])[C]([H])[C]1[H]
0031_6,1,[H][C]1[C]([H])[C]([H])[C]([H])[C]([H])[C]1[H]
0106_8,1,[H][C]1[C]([H])[C]([H])[C]([H])[C]([H])[C]1[H]
0143_8,1,[H][C]1[C]([H])[C]([H])[C]([H])[C]([H])[C]1[H]
0052_5,2,[H][C]1[C]([H])[C]([H])[C]([H])[C]([H])[C]1[H]
0087_9,2,[H][C]1[C]([H])[C]([H])[C]([H])[C]([H])[C]1[H]
0104_16,1,[H][C]1[C]([H])[C]([H])[C]([H])[C]([H])[C]1[H]
0177_13,1,[H][C]1[C]([H])[C]([H])[C]([H])[C]([H])[C]1[H]
0122_12,1,[H][C]1[C]([H])[C]([H])[C]([H])[C]([H])[C]1[H]
0041_12,1,[H][C]1[C]([H])[C]([H])[C]([H])[C]([H])[C]1[H]
0033_4,1,[H][C]1[C]([H])[C]([H])[C]([H])[C]([H])[C]1[H]
0122_9,1,[H][C]1[C]([H])[C]([H])[C]([H])[C]([H])[C]1[H]
0098_15,1,[H][C]1[C]([H])[C]([H])[C]([H])[C]([H])[C]1[H]
0015_7,1,[H][C]1[C]([H])[C]([H])[C]([H])[C]([H])[C]1[H]
0096_10,1,[H][C]1[C]([H])[C]([H])[C]([H])[C]([H])[C]1[H]
0169_6,2,[H][C]1[C]([H])[C]([H])[C]([H])[C]([H])[C]1[H]
0169_13,1,[H][C]1[C]([H])[C]([H])[C]([H])[C]([H])[C]1[H]
0172_5,2,[H][C]1[C]([H])[C]([H])[C]([H])[C]([H])[C]1[H]
0063_8,1,[H][C]1[C]([H])[C]([H])[C]([H])[C]([H])[C]1[H]
0118_13,1,[H][C]1[C]([H])[C]([H])[C]([H])[C]([H])[C]1[H]
0065_13,1,[H][C]1[C]([H])[C]([H])[C]([H])[C]([H])[C]1[H]
0149_3,1,[H][C]1[C]([H])[C]([H])[C]([H])[C]([H])[C]1[H]
0135_7,1,[H][C]1[C]([H])[C]([H])[C]([H])[C]([H])[C]1[H]
0153_12,2,[H][C]1[C]([H])[C]([H])[C]([H])[C]([H])[C]1[H]
0170_7,1,[H][C]1[C]([H])[C]([H])[C]([H])[C]([H])[C]1[H]
0047_9,1,[H][C]1[C]([H])[C]([H])[C]([H])[C]([H])[C]1[H]
0053_12,1,[H][C]1[C]([H])[C]([H])[C]([H])[C]([H])[C]1[H]
0084_10,2,[H][C]1[C]([H])[C]([H])[C]([H])[C]([H])[C]1[H]
0106_13,1,[H][C]1[C]([H])[C]([H])[C]([H])[C]([H])[C]1[H]
0175_16,1,[H][C]1[C]([H])[C]([H])[C]([H])[C]([H])[C]1[H]
0049_6,1,[H][C]1[C]([H])[C]([H])[C]([H])[C]([H])[C]1[H]
0106_12,1,[H][C]1[C]([H])[C]([H])[C]([H])[C]([H])[C]1[H]
0047_8,1,[H][C]1[C]([H])[C]([H])[C]([H])[C]([H])[C]1[H]
0053_13,1,[H][C]1[C]([H])[C]([H])[C]([H])[C]([H])[C]1[H]
0153_13,1,[H][C]1[C]([H])[C]([H])[C]([H])[C]([H])[C]1[H]
0065_12,1,[H][C]1[C]([H])[C]([H])[C]([H])[C]([H])[C]1[H]
0090_6,1,[H][C]1[C]([H])[C]([H])[C]([H])[C]([H])[C]1[H]
0118_12,1,[H][C]1[C]([H])[C]([H])[C]([H])[C]([H])[C]1[H]
0111_7,2,[H][C]1[C]([H])[C]([H])[C]([H])[C]([H])[C]1[H]
0154_7,1,[H][C]1[C]([H])[C]([H])[C]([H])[C]([H])[C]1[H]
0063_9,1,[H][C]1[C]([H])[C]([H])[C]([H])[C]([H])[C]1[H]
0026_9,1,[H][C]1[C]([H])[C]([H])[C]([H])[C]([H])[C]1[H]
0137_4,2,[H][C]1[C]([H])[C]([H])[C]([H])[C]([H])[C]1[H]
0169_12,1,[H][C]1[C]([H])[C]([H])[C]([H])[C]([H])[C]1[H]
0008_3,2,[H][C]1[C]([H])[C]([H])[C]([H])[C]([H])[C]1[H]
0096_11,1,[H][C]1[C]([H])[C]([H])[C]([H])[C]([H])[C]1[H]
0015_6,2,[H][C]1[C]([H])[C]([H])[C]([H])[C]([H])[C]1[H]
0098_14,1,[H][C]1[C]([H])[C]([H])[C]([H])[C]([H])[C]1[H]
0122_8,1,[H][C]1[C]([H])[C]([H])[C]([H])[C]([H])[C]1[H]
0167_8,1,[H][C]1[C]([H])[C]([H])[C]([H])[C]([H])[C]1[H]
0076_5,2,[H][C]1[C]([H])[C]([H])[C]([H])[C]([H])[C]1[H]
0177_12,1,[H][C]1[C]([H])[C]([H])[C]([H])[C]([H])[C]1[H]
0108_6,2,[H][C]1[C]([H])[C]([H])[C]([H])[C]([H])[C]1[H]
0017_4,2,[H][C]1[C]([H])[C]([H])[C]([H])[C]([H])[C]1[H]
0143_9,1,[H][C]1[C]([H])[C]([H])[C]([H])[C]([H])[C]1[H]
0150_3,1,[H][C]1[C]([H])[C]([H])[C]([H])[C]([H])[C]1[H]
0074_7,2,[H][C]1[C]([H])[C]([H])[C]([H])[C]([H])[C]1[H]
0031_7,1,[H][C]1[C]([H])[C]([H])[C]([H])[C]([H])[C]1[H]
0052_6,1,[H][C]1[C]([H])[C]([H])[C]([H])[C]([H])[C]1[H]
0051_14,1,[H][C]1[C]([H])[C]([H])[C]([H])[C]([H])[C]1[H]
0120_8,1,[H][C]1[C]([H])[C]([H])[C]([H])[C]([H])[C]1[H]
0074_5,2,[H][C]1[C]([H])[C]([H])[C]([H])[C]([H])[C]1[H]
0151_14,1,[H][C]1[C]([H])[C]([H])[C]([H])[C]([H])[C]1[H]
0104_15,1,[H][C]1[C]([H])[C]([H])[C]([H])[C]([H])[C]1[H]
0019_9,1,[H][C]1[C]([H])[C]([H])[C]([H])[C]([H])[C]1[H]
0177_10,2,[H][C]1[C]([H])[C]([H])[C]([H])[C]([H])[C]1[H]
0089_5,1,[H][C]1[C]([H])[C]([H])[C]([H])[C]([H])[C]1[H]
0122_11,1,[H][C]1[C]([H])[C]([H])[C]([H])[C]([H])[C]1[H]
0146_18,1,[H][C]1[C]([H])[C]([H])[C]([H])[C]([H])[C]1[H]
0098_16,1,[H][C]1[C]([H])[C]([H])[C]([H])[C]([H])[C]1[H]
0141_9,1,[H][C]1[C]([H])[C]([H])[C]([H])[C]([H])[C]1[H]
0076_7,1,[H][C]1[C]([H])[C]([H])[C]([H])[C]([H])[C]1[H]
0117_3,2,[H][C]1[C]([H])[C]([H])[C]([H])[C]([H])[C]1[H]
0041_11,1,[H][C]1[C]([H])[C]([H])[C]([H])[C]([H])[C]1[H]
0033_7,2,[H][C]1[C]([H])[C]([H])[C]([H])[C]([H])[C]1[H]
0014_10,1,[H][C]1[C]([H])[C]([H])[C]([H])[C]([H])[C]1[H]
0085_8,1,[H][C]1[C]([H])[C]([H])[C]([H])[C]([H])[C]1[H]
0096_13,1,[H][C]1[C]([H])[C]([H])[C]([H])[C]([H])[C]1[H]
0078_8,1,[H][C]1[C]([H])[C]([H])[C]([H])[C]([H])[C]1[H]
0169_5,2,[H][C]1[C]([H])[C]([H])[C]([H])[C]([H])[C]1[H]
0169_10,1,[H][C]1[C]([H])[C]([H])[C]([H])[C]([H])[C]1[H]
0154_5,1,[H][C]1[C]([H])[C]([H])[C]([H])[C]([H])[C]1[H]
0111_5,2,[H][C]1[C]([H])[C]([H])[C]([H])[C]([H])[C]1[H]
0137_6,2,[H][C]1[C]([H])[C]([H])[C]([H])[C]([H])[C]1[H]
0172_6,2,[H][C]1[C]([H])[C]([H])[C]([H])[C]([H])[C]1[H]
0116_15,1,[H][C]1[C]([H])[C]([H])[C]([H])[C]([H])[C]1[H]
0090_4,2,[H][C]1[C]([H])[C]([H])[C]([H])[C]([H])[C]1[H]
0139_9,2,[H][C]1[C]([H])[C]([H])[C]([H])[C]([H])[C]1[H]
0065_10,1,[H][C]1[C]([H])[C]([H])[C]([H])[C]([H])[C]1[H]
0030_11,2,[H][C]1[C]([H])[C]([H])[C]([H])[C]([H])[C]1[H]
0053_11,1,[H][C]1[C]([H])[C]([H])[C]([H])[C]([H])[C]1[H]
0061_9,1,[H][C]1[C]([H])[C]([H])[C]([H])[C]([H])[C]1[H]
0153_11,2,[H][C]1[C]([H])[C]([H])[C]([H])[C]([H])[C]1[H]
0170_4,2,[H][C]1[C]([H])[C]([H])[C]([H])[C]([H])[C]1[H]
0084_13,1,[H][C]1[C]([H])[C]([H])[C]([H])[C]([H])[C]1[H]
0106_10,1,[H][C]1[C]([H])[C]([H])[C]([H])[C]([H])[C]1[H]
0158_8,2,[H][C]1[C]([H])[C]([H])[C]([H])[C]([H])[C]1[H]
0175_15,2,[H][C]1[C]([H])[C]([H])[C]([H])[C]([H])[C]1[H]
0158_9,2,[H][C]1[C]([H])[C]([H])[C]([H])[C]([H])[C]1[H]
0049_4,1,[H][C]1[C]([H])[C]([H])[C]([H])[C]([H])[C]1[H]
0175_14,2,[H][C]1[C]([H])[C]([H])[C]([H])[C]([H])[C]1[H]
0106_11,1,[H][C]1[C]([H])[C]([H])[C]([H])[C]([H])[C]1[H]
0084_12,1,[H][C]1[C]([H])[C]([H])[C]([H])[C]([H])[C]1[H]
0061_8,2,[H][C]1[C]([H])[C]([H])[C]([H])[C]([H])[C]1[H]
0135_5,1,[H][C]1[C]([H])[C]([H])[C]([H])[C]([H])[C]1[H]
0053_10,1,[H][C]1[C]([H])[C]([H])[C]([H])[C]([H])[C]1[H]
0030_10,2,[H][C]1[C]([H])[C]([H])[C]([H])[C]([H])[C]1[H]
0062_18,1,[H][C]1[C]([H])[C]([H])[C]([H])[C]([H])[C]1[H]
0065_11,1,[H][C]1[C]([H])[C]([H])[C]([H])[C]([H])[C]1[H]
0139_8,2,[H][C]1[C]([H])[C]([H])[C]([H])[C]([H])[C]1[H]
0090_5,1,[H][C]1[C]([H])[C]([H])[C]([H])[C]([H])[C]1[H]
0137_7,2,[H][C]1[C]([H])[C]([H])[C]([H])[C]([H])[C]1[H]
0172_7,1,[H][C]1[C]([H])[C]([H])[C]([H])[C]([H])[C]1[H]
0118_11,2,[H][C]1[C]([H])[C]([H])[C]([H])[C]([H])[C]1[H]
0000_9,1,[H][C]1[C]([H])[C]([H])[C]([H])[C]([H])[C]1[H]
0169_11,1,[H][C]1[C]([H])[C]([H])[C]([H])[C]([H])[C]1[H]
0078_9,1,[H][C]1[C]([H])[C]([H])[C]([H])[C]([H])[C]1[H]
0085_9,1,[H][C]1[C]([H])[C]([H])[C]([H])[C]([H])[C]1[H]
0096_12,1,[H][C]1[C]([H])[C]([H])[C]([H])[C]([H])[C]1[H]
0014_11,1,[H][C]1[C]([H])[C]([H])[C]([H])[C]([H])[C]1[H]
0076_6,2,[H][C]1[C]([H])[C]([H])[C]([H])[C]([H])[C]1[H]
0033_6,1,[H][C]1[C]([H])[C]([H])[C]([H])[C]([H])[C]1[H]
0041_10,1,[H][C]1[C]([H])[C]([H])[C]([H])[C]([H])[C]1[H]
0104_8,2,[H][C]1[C]([H])[C]([H])[C]([H])[C]([H])[C]1[H]
0015_5,2,[H][C]1[C]([H])[C]([H])[C]([H])[C]([H])[C]1[H]
0098_17,2,[H][C]1[C]([H])[C]([H])[C]([H])[C]([H])[C]1[H]
0141_10,1,[H][C]1[C]([H])[C]([H])[C]([H])[C]([H])[C]1[H]
0079_14,1,[H][C]1[C]([H])[C]([H])[C]([H])[C]([H])[C]1[H]
0122_10,1,[H][C]1[C]([H])[C]([H])[C]([H])[C]([H])[C]1[H]
0089_4,1,[H][C]1[C]([H])[C]([H])[C]([H])[C]([H])[C]1[H]
0177_11,2,[H][C]1[C]([H])[C]([H])[C]([H])[C]([H])[C]1[H]
0019_8,1,[H][C]1[C]([H])[C]([H])[C]([H])[C]([H])[C]1[H]
0108_5,2,[H][C]1[C]([H])[C]([H])[C]([H])[C]([H])[C]1[H]
0104_14,1,[H][C]1[C]([H])[C]([H])[C]([H])[C]([H])[C]1[H]
0031_4,1,[H][C]1[C]([H])[C]([H])[C]([H])[C]([H])[C]1[H]
0151_15,1,[H][C]1[C]([H])[C]([H])[C]([H])[C]([H])[C]1[H]
0176_3,1,[H][C]1[C]([H])[C]([H])[C]([H])[C]([H])[C]1[H]
0017_7,2,[H][C]1[C]([H])[C]([H])[C]([H])[C]([H])[C]1[H]
0094_5,1,[H][C]1[C]([H])[C]([H])[C]([H])[C]([H])[C]1[H]
0151_11,1,[H][C]1[C]([H])[C]([H])[C]([H])[C]([H])[C]1[H]
0041_9,1,[H][C]1[C]([H])[C]([H])[C]([H])[C]([H])[C]1[H]
0069_5,2,[H][C]1[C]([H])[C]([H])[C]([H])[C]([H])[C]1[H]
0178_8,1,[H][C]1[C]([H])[C]([H])[C]([H])[C]([H])[C]1[H]
0177_15,1,[H][C]1[C]([H])[C]([H])[C]([H])[C]([H])[C]1[H]
0174_5,2,[H][C]1[C]([H])[C]([H])[C]([H])[C]([H])[C]1[H]
0065_8,1,[H][C]1[C]([H])[C]([H])[C]([H])[C]([H])[C]1[H]
0131_5,2,[H][C]1[C]([H])[C]([H])[C]([H])[C]([H])[C]1[H]
0020_8,1,[H][C]1[C]([H])[C]([H])[C]([H])[C]([H])[C]1[H]
0098_13,1,[H][C]1[C]([H])[C]([H])[C]([H])[C]([H])[C]1[H]
0152_6,1,[H][C]1[C]([H])[C]([H])[C]([H])[C]([H])[C]1[H]
0098_8,1,[H][C]1[C]([H])[C]([H])[C]([H])[C]([H])[C]1[H]
0119_9,1,[H][C]1[C]([H])[C]([H])[C]([H])[C]([H])[C]1[H]
0008_4,2,[H][C]1[C]([H])[C]([H])[C]([H])[C]([H])[C]1[H]
0067_10,1,[H][C]1[C]([H])[C]([H])[C]([H])[C]([H])[C]1[H]
0016_10,1,[H][C]1[C]([H])[C]([H])[C]([H])[C]([H])[C]1[H]
0094_13,1,[H][C]1[C]([H])[C]([H])[C]([H])[C]([H])[C]1[H]
0116_10,1,[H][C]1[C]([H])[C]([H])[C]([H])[C]([H])[C]1[H]
0118_15,1,[H][C]1[C]([H])[C]([H])[C]([H])[C]([H])[C]1[H]
0035_4,1,[H][C]1[C]([H])[C]([H])[C]([H])[C]([H])[C]1[H]
0124_9,1,[H][C]1[C]([H])[C]([H])[C]([H])[C]([H])[C]1[H]
0143_11,1,[H][C]1[C]([H])[C]([H])[C]([H])[C]([H])[C]1[H]
0044_18,1,[H][C]1[C]([H])[C]([H])[C]([H])[C]([H])[C]1[H]
0139_18,1,[H][C]1[C]([H])[C]([H])[C]([H])[C]([H])[C]1[H]
0058_8,1,[H][C]1[C]([H])[C]([H])[C]([H])[C]([H])[C]1[H]
0081_9,1,[H][C]1[C]([H])[C]([H])[C]([H])[C]([H])[C]1[H]
0084_16,1,[H][C]1[C]([H])[C]([H])[C]([H])[C]([H])[C]1[H]
0072_6,1,[H][C]1[C]([H])[C]([H])[C]([H])[C]([H])[C]1[H]
0053_14,1,[H][C]1[C]([H])[C]([H])[C]([H])[C]([H])[C]1[H]
0037_6,1,[H][C]1[C]([H])[C]([H])[C]([H])[C]([H])[C]1[H]
0108_10,1,[H][C]1[C]([H])[C]([H])[C]([H])[C]([H])[C]1[H]
0054_5,1,[H][C]1[C]([H])[C]([H])[C]([H])[C]([H])[C]1[H]
0153_14,1,[H][C]1[C]([H])[C]([H])[C]([H])[C]([H])[C]1[H]
0075_10,1,[H][C]1[C]([H])[C]([H])[C]([H])[C]([H])[C]1[H]
0175_10,1,[H][C]1[C]([H])[C]([H])[C]([H])[C]([H])[C]1[H]
0175_11,1,[H][C]1[C]([H])[C]([H])[C]([H])[C]([H])[C]1[H]
0039_8,2,[H][C]1[C]([H])[C]([H])[C]([H])[C]([H])[C]1[H]
0128_5,1,[H][C]1[C]([H])[C]([H])[C]([H])[C]([H])[C]1[H]
0011_4,2,[H][C]1[C]([H])[C]([H])[C]([H])[C]([H])[C]1[H]
0153_15,1,[H][C]1[C]([H])[C]([H])[C]([H])[C]([H])[C]1[H]
0054_4,1,[H][C]1[C]([H])[C]([H])[C]([H])[C]([H])[C]1[H]
0072_7,1,[H][C]1[C]([H])[C]([H])[C]([H])[C]([H])[C]1[H]
0053_15,1,[H][C]1[C]([H])[C]([H])[C]([H])[C]([H])[C]1[H]
0081_8,1,[H][C]1[C]([H])[C]([H])[C]([H])[C]([H])[C]1[H]
0106_14,1,[H][C]1[C]([H])[C]([H])[C]([H])[C]([H])[C]1[H]
0058_9,1,[H][C]1[C]([H])[C]([H])[C]([H])[C]([H])[C]1[H]
0044_19,1,[H][C]1[C]([H])[C]([H])[C]([H])[C]([H])[C]1[H]
0056_6,1,[H][C]1[C]([H])[C]([H])[C]([H])[C]([H])[C]1[H]
0043_10,2,[H][C]1[C]([H])[C]([H])[C]([H])[C]([H])[C]1[H]
0035_5,1,[H][C]1[C]([H])[C]([H])[C]([H])[C]([H])[C]1[H]
0118_14,1,[H][C]1[C]([H])[C]([H])[C]([H])[C]([H])[C]1[H]
0143_10,1,[H][C]1[C]([H])[C]([H])[C]([H])[C]([H])[C]1[H]
0070_5,1,[H][C]1[C]([H])[C]([H])[C]([H])[C]([H])[C]1[H]
0116_11,1,[H][C]1[C]([H])[C]([H])[C]([H])[C]([H])[C]1[H]
0094_12,1,[H][C]1[C]([H])[C]([H])[C]([H])[C]([H])[C]1[H]
0016_11,1,[H][C]1[C]([H])[C]([H])[C]([H])[C]([H])[C]1[H]
0067_11,1,[H][C]1[C]([H])[C]([H])[C]([H])[C]([H])[C]1[H]
0119_8,1,[H][C]1[C]([H])[C]([H])[C]([H])[C]([H])[C]1[H]
0117_7,2,[H][C]1[C]([H])[C]([H])[C]([H])[C]([H])[C]1[H]
0076_3,2,[H][C]1[C]([H])[C]([H])[C]([H])[C]([H])[C]1[H]
0065_9,1,[H][C]1[C]([H])[C]([H])[C]([H])[C]([H])[C]1[H]
0098_12,1,[H][C]1[C]([H])[C]([H])[C]([H])[C]([H])[C]1[H]
0020_9,1,[H][C]1[C]([H])[C]([H])[C]([H])[C]([H])[C]1[H]
0096_6,1,[H][C]1[C]([H])[C]([H])[C]([H])[C]([H])[C]1[H]
0178_9,1,[H][C]1[C]([H])[C]([H])[C]([H])[C]([H])[C]1[H]
0177_14,1,[H][C]1[C]([H])[C]([H])[C]([H])[C]([H])[C]1[H]
0079_11,2,[H][C]1[C]([H])[C]([H])[C]([H])[C]([H])[C]1[H]
0151_10,1,[H][C]1[C]([H])[C]([H])[C]([H])[C]([H])[C]1[H]
0104_11,1,[H][C]1[C]([H])[C]([H])[C]([H])[C]([H])[C]1[H]
0086_12,1,[H][C]1[C]([H])[C]([H])[C]([H])[C]([H])[C]1[H]
0094_4,1,[H][C]1[C]([H])[C]([H])[C]([H])[C]([H])[C]1[H]
0094_6,1,[H][C]1[C]([H])[C]([H])[C]([H])[C]([H])[C]1[H]
0086_10,1,[H][C]1[C]([H])[C]([H])[C]([H])[C]([H])[C]1[H]
0104_13,1,[H][C]1[C]([H])[C]([H])[C]([H])[C]([H])[C]1[H]
0074_3,2,[H][C]1[C]([H])[C]([H])[C]([H])[C]([H])[C]1[H]
0151_12,1,[H][C]1[C]([H])[C]([H])[C]([H])[C]([H])[C]1[H]
0150_7,1,[H][C]1[C]([H])[C]([H])[C]([H])[C]([H])[C]1[H]
0067_9,1,[H][C]1[C]([H])[C]([H])[C]([H])[C]([H])[C]1[H]
0176_4,1,[H][C]1[C]([H])[C]([H])[C]([H])[C]([H])[C]1[H]
0051_12,1,[H][C]1[C]([H])[C]([H])[C]([H])[C]([H])[C]1[H]
0079_13,1,[H][C]1[C]([H])[C]([H])[C]([H])[C]([H])[C]1[H]
0089_3,1,[H][C]1[C]([H])[C]([H])[C]([H])[C]([H])[C]1[H]
0177_16,1,[H][C]1[C]([H])[C]([H])[C]([H])[C]([H])[C]1[H]
0069_6,1,[H][C]1[C]([H])[C]([H])[C]([H])[C]([H])[C]1[H]
0096_4,1,[H][C]1[C]([H])[C]([H])[C]([H])[C]([H])[C]1[H]
0152_5,2,[H][C]1[C]([H])[C]([H])[C]([H])[C]([H])[C]1[H]
0043_8,1,[H][C]1[C]([H])[C]([H])[C]([H])[C]([H])[C]1[H]
0117_5,2,[H][C]1[C]([H])[C]([H])[C]([H])[C]([H])[C]1[H]
0174_6,1,[H][C]1[C]([H])[C]([H])[C]([H])[C]([H])[C]1[H]
0169_3,2,[H][C]1[C]([H])[C]([H])[C]([H])[C]([H])[C]1[H]
0094_10,2,[H][C]1[C]([H])[C]([H])[C]([H])[C]([H])[C]1[H]
0116_13,1,[H][C]1[C]([H])[C]([H])[C]([H])[C]([H])[C]1[H]
0083_8,2,[H][C]1[C]([H])[C]([H])[C]([H])[C]([H])[C]1[H]
0016_13,1,[H][C]1[C]([H])[C]([H])[C]([H])[C]([H])[C]1[H]
0013_4,2,[H][C]1[C]([H])[C]([H])[C]([H])[C]([H])[C]1[H]
0056_4,1,[H][C]1[C]([H])[C]([H])[C]([H])[C]([H])[C]1[H]
0070_7,1,[H][C]1[C]([H])[C]([H])[C]([H])[C]([H])[C]1[H]
0143_12,1,[H][C]1[C]([H])[C]([H])[C]([H])[C]([H])[C]1[H]
0111_3,2,[H][C]1[C]([H])[C]([H])[C]([H])[C]([H])[C]1[H]
0118_16,1,[H][C]1[C]([H])[C]([H])[C]([H])[C]([H])[C]1[H]
0035_7,1,[H][C]1[C]([H])[C]([H])[C]([H])[C]([H])[C]1[H]
0149_6,1,[H][C]1[C]([H])[C]([H])[C]([H])[C]([H])[C]1[H]
0084_15,1,[H][C]1[C]([H])[C]([H])[C]([H])[C]([H])[C]1[H]
0054_6,1,[H][C]1[C]([H])[C]([H])[C]([H])[C]([H])[C]1[H]
0153_17,1,[H][C]1[C]([H])[C]([H])[C]([H])[C]([H])[C]1[H]
0011_6,2,[H][C]1[C]([H])[C]([H])[C]([H])[C]([H])[C]1[H]
0126_8,1,[H][C]1[C]([H])[C]([H])[C]([H])[C]([H])[C]1[H]
0037_5,1,[H][C]1[C]([H])[C]([H])[C]([H])[C]([H])[C]1[H]
0163_8,1,[H][C]1[C]([H])[C]([H])[C]([H])[C]([H])[C]1[H]
0072_5,1,[H][C]1[C]([H])[C]([H])[C]([H])[C]([H])[C]1[H]
0049_3,1,[H][C]1[C]([H])[C]([H])[C]([H])[C]([H])[C]1[H]
0128_7,1,[H][C]1[C]([H])[C]([H])[C]([H])[C]([H])[C]1[H]
0175_13,1,[H][C]1[C]([H])[C]([H])[C]([H])[C]([H])[C]1[H]
0175_12,2,[H][C]1[C]([H])[C]([H])[C]([H])[C]([H])[C]1[H]
0128_6,1,[H][C]1[C]([H])[C]([H])[C]([H])[C]([H])[C]1[H]
0037_4,1,[H][C]1[C]([H])[C]([H])[C]([H])[C]([H])[C]1[H]
0053_16,1,[H][C]1[C]([H])[C]([H])[C]([H])[C]([H])[C]1[H]
0126_9,1,[H][C]1[C]([H])[C]([H])[C]([H])[C]([H])[C]1[H]
0072_4,2,[H][C]1[C]([H])[C]([H])[C]([H])[C]([H])[C]1[H]
0163_9,1,[H][C]1[C]([H])[C]([H])[C]([H])[C]([H])[C]1[H]
0153_16,1,[H][C]1[C]([H])[C]([H])[C]([H])[C]([H])[C]1[H]
0135_3,2,[H][C]1[C]([H])[C]([H])[C]([H])[C]([H])[C]1[H]
0011_7,2,[H][C]1[C]([H])[C]([H])[C]([H])[C]([H])[C]1[H]
0084_14,1,[H][C]1[C]([H])[C]([H])[C]([H])[C]([H])[C]1[H]
0070_6,1,[H][C]1[C]([H])[C]([H])[C]([H])[C]([H])[C]1[H]
0035_6,1,[H][C]1[C]([H])[C]([H])[C]([H])[C]([H])[C]1[H]
0118_17,1,[H][C]1[C]([H])[C]([H])[C]([H])[C]([H])[C]1[H]
0016_12,1,[H][C]1[C]([H])[C]([H])[C]([H])[C]([H])[C]1[H]
0083_9,1,[H][C]1[C]([H])[C]([H])[C]([H])[C]([H])[C]1[H]
0094_11,1,[H][C]1[C]([H])[C]([H])[C]([H])[C]([H])[C]1[H]
0090_3,2,[H][C]1[C]([H])[C]([H])[C]([H])[C]([H])[C]1[H]
0131_7,2,[H][C]1[C]([H])[C]([H])[C]([H])[C]([H])[C]1[H]
0174_7,1,[H][C]1[C]([H])[C]([H])[C]([H])[C]([H])[C]1[H]
0177_17,1,[H][C]1[C]([H])[C]([H])[C]([H])[C]([H])[C]1[H]
0108_3,2,[H][C]1[C]([H])[C]([H])[C]([H])[C]([H])[C]1[H]
0079_12,2,[H][C]1[C]([H])[C]([H])[C]([H])[C]([H])[C]1[H]
0176_5,1,[H][C]1[C]([H])[C]([H])[C]([H])[C]([H])[C]1[H]
0067_8,1,[H][C]1[C]([H])[C]([H])[C]([H])[C]([H])[C]1[H]
0051_13,1,[H][C]1[C]([H])[C]([H])[C]([H])[C]([H])[C]1[H]
0151_13,1,[H][C]1[C]([H])[C]([H])[C]([H])[C]([H])[C]1[H]
0104_12,1,[H][C]1[C]([H])[C]([H])[C]([H])[C]([H])[C]1[H]
0086_11,1,[H][C]1[C]([H])[C]([H])[C]([H])[C]([H])[C]1[H]
0098_20,3,[H][C]1[C]([H])C2([H])[C]([H])C2([H])[C]1[H]
0148_17,4,[H][C]1[C]([H])C2([H])[C]([H])C2([H])[C]1[H]
0152_9,3,[H][C]1[C]([H])C2([H])[C]([H])C2([H])[C]1[H]
0013_12,4,[H][C]1[C]([H])C2([H])[C]([H])C2([H])[C]1[H]
0070_10,3,[H][C]1[C]([H])C2([H])[C]([H])C2([H])[C]1[H]
0044_14,3,[H][C]1[C]([H])C2([H])[C]([H])C2([H])[C]1[H]
0116_21,3,[H][C]1[C]([H])C2([H])[C]([H])C2([H])[C]1[H]
0013_11,4,[H][C]1[C]([H])C2([H])[C]([H])C2([H])[C]1[H]
0165_4,4,[H][C]1[C]([H])C2([H])[C]([H])C2([H])[C]1[H]
0122_6,4,[H][C]1[C]([H])C2([H])[C]([H])C2([H])[C]1[H]
0139_11,4,[H][C]1[C]([H])C2([H])[C]([H])C2([H])[C]1[H]
0054_14,4,[H][C]1[C]([H])C2([H])[C]([H])C2([H])[C]1[H]
0049_9,3,[H][C]1[C]([H])C2([H])[C]([H])C2([H])[C]1[H]
0047_7,4,[H][C]1[C]([H])C2([H])[C]([H])C2([H])[C]1[H]
0111_11,4,[H][C]1[C]([H])C2([H])[C]([H])C2([H])[C]1[H]
0098_19,3,[H][C]1[C]([H])C2([H])[C]([H])C2([H])[C]1[H]
0122_5,4,[H][C]1[C]([H])C2([H])[C]([H])C2([H])[C]1[H]
0048_12,4,[H][C]1[C]([H])C2([H])[C]([H])C2([H])[C]1[H]
0156_8,4,[H][C]1[C]([H])C2([H])[C]([H])C2([H])[C]1[H]
0153_22,4,[H][C]1[C]([H])C2([H])[C]([H])C2([H])[C]1[H]
0127_7,3,[H][C]1[C]([H])C2([H])[C]([H])C2([H])[C]1[H]
0166_14,4,[H][C]1[C]([H])C2([H])[C]([H])C2([H])[C]1[H]
0068_10,4,[H][C]1[C]([H])C2([H])[C]([H])C2([H])[C]1[H]
0085_13,4,[H][C]1[C]([H])C2([H])[C]([H])C2([H])[C]1[H]
0017_15,3,[H][C]1[C]([H])C2([H])[C]([H])C2([H])[C]1[H]
0132_8,4,[H][C]1[C]([H])C2([H])[C]([H])C2([H])[C]1[H]
0059_6,3,[H][C]1[C]([H])C2([H])[C]([H])C2([H])[C]1[H]
0012_9,3,[H][C]1[C]([H])C2([H])[C]([H])C2([H])[C]1[H]
0031_12,3,[H][C]1[C]([H])C2([H])[C]([H])C2([H])[C]1[H]
0162_5,3,[H][C]1[C]([H])C2([H])[C]([H])C2([H])[C]1[H]
0087_11,3,[H][C]1[C]([H])C2([H])[C]([H])C2([H])[C]1[H]
0166_13,4,[H][C]1[C]([H])C2([H])[C]([H])C2([H])[C]1[H]
0166_10,3,[H][C]1[C]([H])C2([H])[C]([H])C2([H])[C]1[H]
0087_13,3,[H][C]1[C]([H])C2([H])[C]([H])C2([H])[C]1[H]
0034_15,3,[H][C]1[C]([H])C2([H])[C]([H])C2([H])[C]1[H]
0149_14,4,[H][C]1[C]([H])C2([H])[C]([H])C2([H])[C]1[H]
0010_15,4,[H][C]1[C]([H])C2([H])[C]([H])C2([H])[C]1[H]
0157_16,4,[H][C]1[C]([H])C2([H])[C]([H])C2([H])[C]1[H]
0080_14,3,[H][C]1[C]([H])C2([H])[C]([H])C2([H])[C]1[H]
0086_9,4,[H][C]1[C]([H])C2([H])[C]([H])C2([H])[C]1[H]
0034_16,3,[H][C]1[C]([H])C2([H])[C]([H])C2([H])[C]1[H]
0168_7,4,[H][C]1[C]([H])C2([H])[C]([H])C2([H])[C]1[H]
0000_17,3,[H][C]1[C]([H])C2([H])[C]([H])C2([H])[C]1[H]
0134_12,4,[H][C]1[C]([H])C2([H])[C]([H])C2([H])[C]1[H]
0066_8,4,[H][C]1[C]([H])C2([H])[C]([H])C2([H])[C]1[H]
0000_16,3,[H][C]1[C]([H])C2([H])[C]([H])C2([H])[C]1[H]
0049_10,3,[H][C]1[C]([H])C2([H])[C]([H])C2([H])[C]1[H]
0132_6,4,[H][C]1[C]([H])C2([H])[C]([H])C2([H])[C]1[H]
0010_4,4,[H][C]1[C]([H])C2([H])[C]([H])C2([H])[C]1[H]
0073_7,4,[H][C]1[C]([H])C2([H])[C]([H])C2([H])[C]1[H]
0141_12,4,[H][C]1[C]([H])C2([H])[C]([H])C2([H])[C]1[H]
0116_16,4,[H][C]1[C]([H])C2([H])[C]([H])C2([H])[C]1[H]
0156_4,4,[H][C]1[C]([H])C2([H])[C]([H])C2([H])[C]1[H]
0084_11,4,[H][C]1[C]([H])C2([H])[C]([H])C2([H])[C]1[H]
0156_5,4,[H][C]1[C]([H])C2([H])[C]([H])C2([H])[C]1[H]
0030_13,4,[H][C]1[C]([H])C2([H])[C]([H])C2([H])[C]1[H]
0106_9,4,[H][C]1[C]([H])C2([H])[C]([H])C2([H])[C]1[H]
0141_11,4,[H][C]1[C]([H])C2([H])[C]([H])C2([H])[C]1[H]
0156_7,4,[H][C]1[C]([H])C2([H])[C]([H])C2([H])[C]1[H]
0156_6,4,[H][C]1[C]([H])C2([H])[C]([H])C2([H])[C]1[H]
0051_11,3,[H][C]1[C]([H])C2([H])[C]([H])C2([H])[C]1[H]
0030_14,4,[H][C]1[C]([H])C2([H])[C]([H])C2([H])[C]1[H]
0039_9,4,[H][C]1[C]([H])C2([H])[C]([H])C2([H])[C]1[H]
0152_7,4,[H][C]1[C]([H])C2([H])[C]([H])C2([H])[C]1[H]
0041_8,4,[H][C]1[C]([H])C2([H])[C]([H])C2([H])[C]1[H]
0051_10,3,[H][C]1[C]([H])C2([H])[C]([H])C2([H])[C]1[H]
0053_17,3,[H][C]1[C]([H])C2([H])[C]([H])C2([H])[C]1[H]
0098_11,4,[H][C]1[C]([H])C2([H])[C]([H])C2([H])[C]1[H]
0043_9,4,[H][C]1[C]([H])C2([H])[C]([H])C2([H])[C]1[H]
0146_13,6,[H].[H][C]1[C][C]([H])[C]([H])[C]([H])[C]1[H]
0146_11,5,[H].[H][C]1[C][C]([H])[C]([H])[C]([H])[C]1[H]
0003_10,6,[H].[H][C]1[C][C]([H])[C]([H])[C]([H])[C]1[H]
0003_11,6,[H].[H][C]1[C][C]([H])[C]([H])[C]([H])[C]1[H]
0119_10,5,[H].[H][C]1[C][C]([H])[C]([H])[C]([H])[C]1[H]
0146_3,6,[H].[H][C]1[C][C]([H])[C]([H])[C]([H])[C]1[H]
0086_7,5,[H].[H][C]1[C][C]([H])[C]([H])[C]([H])[C]1[H]
0030_4,6,[H].[H][C]1[C][C]([H])[C]([H])[C]([H])[C]1[H]
0123_9,5,[H].[H][C]1[C][C]([H])[C]([H])[C]([H])[C]1[H]
0086_8,5,[H].[H][C]1[C][C]([H])[C]([H])[C]([H])[C]1[H]
0146_9,5,[H].[H][C]1[C][C]([H])[C]([H])[C]([H])[C]1[H]
